id,S_i,n,Q,H0,BOTTOM,S,yn,yc,subcritical,R2L
0,0,0.005,0.001,0.01,FLAT,0.001,0.010792181728544507,0.010423882190664677,True,True
1,0,0.005,0.001,0.0824999999999999,FLAT,0.001,0.010792181728544507,0.010423882190664677,True,False
2,0,0.005,0.001,0.155,FLAT,0.001,0.010792181728544507,0.010423882190664677,True,False
3,0,0.005,0.001,0.2274999999999999,FLAT,0.001,0.010792181728544507,0.010423882190664677,True,False
4,0,0.005,0.001,0.3,FLAT,0.001,0.010792181728544507,0.010423882190664677,True,False
5,0,0.005,0.01075,0.01,FLAT,0.001,0.04486982010354286,0.05077327030808251,False,True
6,0,0.005,0.01075,0.0824999999999999,FLAT,0.001,0.04486982010354286,0.05077327030808251,False,False
7,0,0.005,0.01075,0.155,FLAT,0.001,0.04486982010354286,0.05077327030808251,False,False
8,0,0.005,0.01075,0.2274999999999999,FLAT,0.001,0.04486982010354286,0.05077327030808251,False,False
9,0,0.005,0.01075,0.3,FLAT,0.001,0.04486982010354286,0.05077327030808251,False,False
10,0,0.005,0.0205,0.01,FLAT,0.001,0.0660939285168294,0.0780786091481268,False,True
11,0,0.005,0.0205,0.0824999999999999,FLAT,0.001,0.0660939285168294,0.0780786091481268,False,False
12,0,0.005,0.0205,0.155,FLAT,0.001,0.0660939285168294,0.0780786091481268,False,False
13,0,0.005,0.0205,0.2274999999999999,FLAT,0.001,0.0660939285168294,0.0780786091481268,False,False
14,0,0.005,0.0205,0.3,FLAT,0.001,0.0660939285168294,0.0780786091481268,False,False
15,0,0.005,0.03025,0.01,FLAT,0.001,0.0834727030342203,0.1011998216334821,False,True
16,0,0.005,0.03025,0.0824999999999999,FLAT,0.001,0.0834727030342203,0.1011998216334821,False,True
17,0,0.005,0.03025,0.155,FLAT,0.001,0.0834727030342203,0.1011998216334821,False,False
18,0,0.005,0.03025,0.2274999999999999,FLAT,0.001,0.0834727030342203,0.1011998216334821,False,False
19,0,0.005,0.03025,0.3,FLAT,0.001,0.0834727030342203,0.1011998216334821,False,False
20,0,0.005,0.04,0.01,FLAT,0.001,0.09870638451562376,0.12191846570617881,False,True
21,0,0.005,0.04,0.0824999999999999,FLAT,0.001,0.09870638451562376,0.12191846570617881,False,True
22,0,0.005,0.04,0.155,FLAT,0.001,0.09870638451562376,0.12191846570617881,False,False
23,0,0.005,0.04,0.2274999999999999,FLAT,0.001,0.09870638451562376,0.12191846570617881,False,False
24,0,0.005,0.04,0.3,FLAT,0.001,0.09870638451562376,0.12191846570617881,False,False
25,0,0.12875,0.001,0.01,FLAT,0.001,0.07578366243205266,0.010423882190664677,True,True
26,0,0.12875,0.001,0.0824999999999999,FLAT,0.001,0.07578366243205266,0.010423882190664677,True,False
27,0,0.12875,0.001,0.155,FLAT,0.001,0.07578366243205266,0.010423882190664677,True,False
28,0,0.12875,0.001,0.2274999999999999,FLAT,0.001,0.07578366243205266,0.010423882190664677,True,False
29,0,0.12875,0.001,0.3,FLAT,0.001,0.07578366243205266,0.010423882190664677,True,False
30,0,0.12875,0.01075,0.01,FLAT,0.001,0.31507987778968016,0.05077327030808251,True,True
31,0,0.12875,0.01075,0.0824999999999999,FLAT,0.001,0.31507987778968016,0.05077327030808251,True,False
32,0,0.12875,0.01075,0.155,FLAT,0.001,0.31507987778968016,0.05077327030808251,True,False
33,0,0.12875,0.01075,0.2274999999999999,FLAT,0.001,0.31507987778968016,0.05077327030808251,True,False
34,0,0.12875,0.01075,0.3,FLAT,0.001,0.31507987778968016,0.05077327030808251,True,False
35,0,0.12875,0.0205,0.01,FLAT,0.001,0.46411745961241674,0.0780786091481268,True,True
36,0,0.12875,0.0205,0.0824999999999999,FLAT,0.001,0.46411745961241674,0.0780786091481268,True,False
37,0,0.12875,0.0205,0.155,FLAT,0.001,0.46411745961241674,0.0780786091481268,True,False
38,0,0.12875,0.0205,0.2274999999999999,FLAT,0.001,0.46411745961241674,0.0780786091481268,True,False
39,0,0.12875,0.0205,0.3,FLAT,0.001,0.46411745961241674,0.0780786091481268,True,False
40,0,0.12875,0.03025,0.01,FLAT,0.001,0.5861527639314011,0.1011998216334821,True,True
41,0,0.12875,0.03025,0.0824999999999999,FLAT,0.001,0.5861527639314011,0.1011998216334821,True,True
42,0,0.12875,0.03025,0.155,FLAT,0.001,0.5861527639314011,0.1011998216334821,True,False
43,0,0.12875,0.03025,0.2274999999999999,FLAT,0.001,0.5861527639314011,0.1011998216334821,True,False
44,0,0.12875,0.03025,0.3,FLAT,0.001,0.5861527639314011,0.1011998216334821,True,False
45,0,0.12875,0.04,0.01,FLAT,0.001,0.6931250336746562,0.12191846570617881,True,True
46,0,0.12875,0.04,0.0824999999999999,FLAT,0.001,0.6931250336746562,0.12191846570617881,True,True
47,0,0.12875,0.04,0.155,FLAT,0.001,0.6931250336746562,0.12191846570617881,True,False
48,0,0.12875,0.04,0.2274999999999999,FLAT,0.001,0.6931250336746562,0.12191846570617881,True,False
49,0,0.12875,0.04,0.3,FLAT,0.001,0.6931250336746562,0.12191846570617881,True,False
50,0,0.2525,0.001,0.01,FLAT,0.001,0.11352305677957739,0.010423882190664677,True,True
51,0,0.2525,0.001,0.0824999999999999,FLAT,0.001,0.11352305677957739,0.010423882190664677,True,False
52,0,0.2525,0.001,0.155,FLAT,0.001,0.11352305677957739,0.010423882190664677,True,False
53,0,0.2525,0.001,0.2274999999999999,FLAT,0.001,0.11352305677957739,0.010423882190664677,True,False
54,0,0.2525,0.001,0.3,FLAT,0.001,0.11352305677957739,0.010423882190664677,True,False
55,0,0.2525,0.01075,0.01,FLAT,0.001,0.47198604169454533,0.05077327030808251,True,True
56,0,0.2525,0.01075,0.0824999999999999,FLAT,0.001,0.47198604169454533,0.05077327030808251,True,False
57,0,0.2525,0.01075,0.155,FLAT,0.001,0.47198604169454533,0.05077327030808251,True,False
58,0,0.2525,0.01075,0.2274999999999999,FLAT,0.001,0.47198604169454533,0.05077327030808251,True,False
59,0,0.2525,0.01075,0.3,FLAT,0.001,0.47198604169454533,0.05077327030808251,True,False
60,0,0.2525,0.0205,0.01,FLAT,0.001,0.6952426292040648,0.0780786091481268,True,True
61,0,0.2525,0.0205,0.0824999999999999,FLAT,0.001,0.6952426292040648,0.0780786091481268,True,False
62,0,0.2525,0.0205,0.155,FLAT,0.001,0.6952426292040648,0.0780786091481268,True,False
63,0,0.2525,0.0205,0.2274999999999999,FLAT,0.001,0.6952426292040648,0.0780786091481268,True,False
64,0,0.2525,0.0205,0.3,FLAT,0.001,0.6952426292040648,0.0780786091481268,True,False
65,0,0.2525,0.03025,0.01,FLAT,0.001,0.8780501148377705,0.1011998216334821,True,True
66,0,0.2525,0.03025,0.0824999999999999,FLAT,0.001,0.8780501148377705,0.1011998216334821,True,True
67,0,0.2525,0.03025,0.155,FLAT,0.001,0.8780501148377705,0.1011998216334821,True,False
68,0,0.2525,0.03025,0.2274999999999999,FLAT,0.001,0.8780501148377705,0.1011998216334821,True,False
69,0,0.2525,0.03025,0.3,FLAT,0.001,0.8780501148377705,0.1011998216334821,True,False
70,0,0.2525,0.04,0.01,FLAT,0.001,1.0382933475106688,0.12191846570617881,True,True
71,0,0.2525,0.04,0.0824999999999999,FLAT,0.001,1.0382933475106688,0.12191846570617881,True,True
72,0,0.2525,0.04,0.155,FLAT,0.001,1.0382933475106688,0.12191846570617881,True,False
73,0,0.2525,0.04,0.2274999999999999,FLAT,0.001,1.0382933475106688,0.12191846570617881,True,False
74,0,0.2525,0.04,0.3,FLAT,0.001,1.0382933475106688,0.12191846570617881,True,False
75,0,0.37625,0.001,0.01,FLAT,0.001,0.14421590257230238,0.010423882190664677,True,True
76,0,0.37625,0.001,0.0824999999999999,FLAT,0.001,0.14421590257230238,0.010423882190664677,True,False
77,0,0.37625,0.001,0.155,FLAT,0.001,0.14421590257230238,0.010423882190664677,True,False
78,0,0.37625,0.001,0.2274999999999999,FLAT,0.001,0.14421590257230238,0.010423882190664677,True,False
79,0,0.37625,0.001,0.3,FLAT,0.001,0.14421590257230238,0.010423882190664677,True,False
80,0,0.37625,0.01075,0.01,FLAT,0.001,0.5995953151320755,0.05077327030808251,True,True
81,0,0.37625,0.01075,0.0824999999999999,FLAT,0.001,0.5995953151320755,0.05077327030808251,True,False
82,0,0.37625,0.01075,0.155,FLAT,0.001,0.5995953151320755,0.05077327030808251,True,False
83,0,0.37625,0.01075,0.2274999999999999,FLAT,0.001,0.5995953151320755,0.05077327030808251,True,False
84,0,0.37625,0.01075,0.3,FLAT,0.001,0.5995953151320755,0.05077327030808251,True,False
85,0,0.37625,0.0205,0.01,FLAT,0.001,0.8832130328562671,0.0780786091481268,True,True
86,0,0.37625,0.0205,0.0824999999999999,FLAT,0.001,0.8832130328562671,0.0780786091481268,True,False
87,0,0.37625,0.0205,0.155,FLAT,0.001,0.8832130328562671,0.0780786091481268,True,False
88,0,0.37625,0.0205,0.2274999999999999,FLAT,0.001,0.8832130328562671,0.0780786091481268,True,False
89,0,0.37625,0.0205,0.3,FLAT,0.001,0.8832130328562671,0.0780786091481268,True,False
90,0,0.37625,0.03025,0.01,FLAT,0.001,1.1154455615207073,0.1011998216334821,True,True
91,0,0.37625,0.03025,0.0824999999999999,FLAT,0.001,1.1154455615207073,0.1011998216334821,True,True
92,0,0.37625,0.03025,0.155,FLAT,0.001,1.1154455615207073,0.1011998216334821,True,False
93,0,0.37625,0.03025,0.2274999999999999,FLAT,0.001,1.1154455615207073,0.1011998216334821,True,False
94,0,0.37625,0.03025,0.3,FLAT,0.001,1.1154455615207073,0.1011998216334821,True,False
95,0,0.37625,0.04,0.01,FLAT,0.001,1.3190132162914594,0.12191846570617881,True,True
96,0,0.37625,0.04,0.0824999999999999,FLAT,0.001,1.3190132162914594,0.12191846570617881,True,True
97,0,0.37625,0.04,0.155,FLAT,0.001,1.3190132162914594,0.12191846570617881,True,False
98,0,0.37625,0.04,0.2274999999999999,FLAT,0.001,1.3190132162914594,0.12191846570617881,True,False
99,0,0.37625,0.04,0.3,FLAT,0.001,1.3190132162914594,0.12191846570617881,True,False
100,0,0.5,0.001,0.01,FLAT,0.001,0.17104455353373402,0.010423882190664677,True,True
101,0,0.5,0.001,0.0824999999999999,FLAT,0.001,0.17104455353373402,0.010423882190664677,True,False
102,0,0.5,0.001,0.155,FLAT,0.001,0.17104455353373402,0.010423882190664677,True,False
103,0,0.5,0.001,0.2274999999999999,FLAT,0.001,0.17104455353373402,0.010423882190664677,True,False
104,0,0.5,0.001,0.3,FLAT,0.001,0.17104455353373402,0.010423882190664677,True,False
105,0,0.5,0.01075,0.01,FLAT,0.001,0.7111387242905989,0.05077327030808251,True,True
106,0,0.5,0.01075,0.0824999999999999,FLAT,0.001,0.7111387242905989,0.05077327030808251,True,False
107,0,0.5,0.01075,0.155,FLAT,0.001,0.7111387242905989,0.05077327030808251,True,False
108,0,0.5,0.01075,0.2274999999999999,FLAT,0.001,0.7111387242905989,0.05077327030808251,True,False
109,0,0.5,0.01075,0.3,FLAT,0.001,0.7111387242905989,0.05077327030808251,True,False
110,0,0.5,0.0205,0.01,FLAT,0.001,1.0475181736933437,0.0780786091481268,True,True
111,0,0.5,0.0205,0.0824999999999999,FLAT,0.001,1.0475181736933437,0.0780786091481268,True,False
112,0,0.5,0.0205,0.155,FLAT,0.001,1.0475181736933437,0.0780786091481268,True,False
113,0,0.5,0.0205,0.2274999999999999,FLAT,0.001,1.0475181736933437,0.0780786091481268,True,False
114,0,0.5,0.0205,0.3,FLAT,0.001,1.0475181736933437,0.0780786091481268,True,False
115,0,0.5,0.03025,0.01,FLAT,0.001,1.3229531879526388,0.1011998216334821,True,True
116,0,0.5,0.03025,0.0824999999999999,FLAT,0.001,1.3229531879526388,0.1011998216334821,True,True
117,0,0.5,0.03025,0.155,FLAT,0.001,1.3229531879526388,0.1011998216334821,True,False
118,0,0.5,0.03025,0.2274999999999999,FLAT,0.001,1.3229531879526388,0.1011998216334821,True,False
119,0,0.5,0.03025,0.3,FLAT,0.001,1.3229531879526388,0.1011998216334821,True,False
120,0,0.5,0.04,0.01,FLAT,0.001,1.5643907687126115,0.12191846570617881,True,True
121,0,0.5,0.04,0.0824999999999999,FLAT,0.001,1.5643907687126115,0.12191846570617881,True,True
122,0,0.5,0.04,0.155,FLAT,0.001,1.5643907687126115,0.12191846570617881,True,False
123,0,0.5,0.04,0.2274999999999999,FLAT,0.001,1.5643907687126115,0.12191846570617881,True,False
124,0,0.5,0.04,0.3,FLAT,0.001,1.5643907687126115,0.12191846570617881,True,False
125,1,0.005,0.001,0.01,FLAT,0.013250000000000001,0.004971008277278796,0.010423882190664677,False,True
126,1,0.005,0.001,0.0824999999999999,FLAT,0.013250000000000001,0.004971008277278796,0.010423882190664677,False,False
127,1,0.005,0.001,0.155,FLAT,0.013250000000000001,0.004971008277278796,0.010423882190664677,False,False
128,1,0.005,0.001,0.2274999999999999,FLAT,0.013250000000000001,0.004971008277278796,0.010423882190664677,False,False
129,1,0.005,0.001,0.3,FLAT,0.013250000000000001,0.004971008277278796,0.010423882190664677,False,False
130,1,0.005,0.01075,0.01,FLAT,0.013250000000000001,0.020667577024280112,0.05077327030808251,False,True
131,1,0.005,0.01075,0.0824999999999999,FLAT,0.013250000000000001,0.020667577024280112,0.05077327030808251,False,False
132,1,0.005,0.01075,0.155,FLAT,0.013250000000000001,0.020667577024280112,0.05077327030808251,False,False
133,1,0.005,0.01075,0.2274999999999999,FLAT,0.013250000000000001,0.020667577024280112,0.05077327030808251,False,False
134,1,0.005,0.01075,0.3,FLAT,0.013250000000000001,0.020667577024280112,0.05077327030808251,False,False
135,1,0.005,0.0205,0.01,FLAT,0.013250000000000001,0.030443655787043767,0.0780786091481268,False,True
136,1,0.005,0.0205,0.0824999999999999,FLAT,0.013250000000000001,0.030443655787043767,0.0780786091481268,False,False
137,1,0.005,0.0205,0.155,FLAT,0.013250000000000001,0.030443655787043767,0.0780786091481268,False,False
138,1,0.005,0.0205,0.2274999999999999,FLAT,0.013250000000000001,0.030443655787043767,0.0780786091481268,False,False
139,1,0.005,0.0205,0.3,FLAT,0.013250000000000001,0.030443655787043767,0.0780786091481268,False,False
140,1,0.005,0.03025,0.01,FLAT,0.013250000000000001,0.03844852766076481,0.1011998216334821,False,True
141,1,0.005,0.03025,0.0824999999999999,FLAT,0.013250000000000001,0.03844852766076481,0.1011998216334821,False,True
142,1,0.005,0.03025,0.155,FLAT,0.013250000000000001,0.03844852766076481,0.1011998216334821,False,False
143,1,0.005,0.03025,0.2274999999999999,FLAT,0.013250000000000001,0.03844852766076481,0.1011998216334821,False,False
144,1,0.005,0.03025,0.3,FLAT,0.013250000000000001,0.03844852766076481,0.1011998216334821,False,False
145,1,0.005,0.04,0.01,FLAT,0.013250000000000001,0.04546534396744298,0.12191846570617881,False,True
146,1,0.005,0.04,0.0824999999999999,FLAT,0.013250000000000001,0.04546534396744298,0.12191846570617881,False,True
147,1,0.005,0.04,0.155,FLAT,0.013250000000000001,0.04546534396744298,0.12191846570617881,False,False
148,1,0.005,0.04,0.2274999999999999,FLAT,0.013250000000000001,0.04546534396744298,0.12191846570617881,False,False
149,1,0.005,0.04,0.3,FLAT,0.013250000000000001,0.04546534396744298,0.12191846570617881,False,False
150,1,0.12875,0.001,0.01,FLAT,0.013250000000000001,0.03490686338572642,0.010423882190664677,True,True
151,1,0.12875,0.001,0.0824999999999999,FLAT,0.013250000000000001,0.03490686338572642,0.010423882190664677,True,False
152,1,0.12875,0.001,0.155,FLAT,0.013250000000000001,0.03490686338572642,0.010423882190664677,True,False
153,1,0.12875,0.001,0.2274999999999999,FLAT,0.013250000000000001,0.03490686338572642,0.010423882190664677,True,False
154,1,0.12875,0.001,0.3,FLAT,0.013250000000000001,0.03490686338572642,0.010423882190664677,True,False
155,1,0.12875,0.01075,0.01,FLAT,0.013250000000000001,0.14512956878346844,0.05077327030808251,True,True
156,1,0.12875,0.01075,0.0824999999999999,FLAT,0.013250000000000001,0.14512956878346844,0.05077327030808251,True,False
157,1,0.12875,0.01075,0.155,FLAT,0.013250000000000001,0.14512956878346844,0.05077327030808251,True,False
158,1,0.12875,0.01075,0.2274999999999999,FLAT,0.013250000000000001,0.14512956878346844,0.05077327030808251,True,False
159,1,0.12875,0.01075,0.3,FLAT,0.013250000000000001,0.14512956878346844,0.05077327030808251,True,False
160,1,0.12875,0.0205,0.01,FLAT,0.013250000000000001,0.21377806558434254,0.0780786091481268,True,True
161,1,0.12875,0.0205,0.0824999999999999,FLAT,0.013250000000000001,0.21377806558434254,0.0780786091481268,True,False
162,1,0.12875,0.0205,0.155,FLAT,0.013250000000000001,0.21377806558434254,0.0780786091481268,True,False
163,1,0.12875,0.0205,0.2274999999999999,FLAT,0.013250000000000001,0.21377806558434254,0.0780786091481268,True,False
164,1,0.12875,0.0205,0.3,FLAT,0.013250000000000001,0.21377806558434254,0.0780786091481268,True,False
165,1,0.12875,0.03025,0.01,FLAT,0.013250000000000001,0.2699889896726013,0.1011998216334821,True,True
166,1,0.12875,0.03025,0.0824999999999999,FLAT,0.013250000000000001,0.2699889896726013,0.1011998216334821,True,True
167,1,0.12875,0.03025,0.155,FLAT,0.013250000000000001,0.2699889896726013,0.1011998216334821,True,False
168,1,0.12875,0.03025,0.2274999999999999,FLAT,0.013250000000000001,0.2699889896726013,0.1011998216334821,True,False
169,1,0.12875,0.03025,0.3,FLAT,0.013250000000000001,0.2699889896726013,0.1011998216334821,True,False
170,1,0.12875,0.04,0.01,FLAT,0.013250000000000001,0.3192616994645941,0.12191846570617881,True,True
171,1,0.12875,0.04,0.0824999999999999,FLAT,0.013250000000000001,0.3192616994645941,0.12191846570617881,True,True
172,1,0.12875,0.04,0.155,FLAT,0.013250000000000001,0.3192616994645941,0.12191846570617881,True,False
173,1,0.12875,0.04,0.2274999999999999,FLAT,0.013250000000000001,0.3192616994645941,0.12191846570617881,True,False
174,1,0.12875,0.04,0.3,FLAT,0.013250000000000001,0.3192616994645941,0.12191846570617881,True,False
175,1,0.2525,0.001,0.01,FLAT,0.013250000000000001,0.05229008082959494,0.010423882190664677,True,True
176,1,0.2525,0.001,0.0824999999999999,FLAT,0.013250000000000001,0.05229008082959494,0.010423882190664677,True,False
177,1,0.2525,0.001,0.155,FLAT,0.013250000000000001,0.05229008082959494,0.010423882190664677,True,False
178,1,0.2525,0.001,0.2274999999999999,FLAT,0.013250000000000001,0.05229008082959494,0.010423882190664677,True,False
179,1,0.2525,0.001,0.3,FLAT,0.013250000000000001,0.05229008082959494,0.010423882190664677,True,False
180,1,0.2525,0.01075,0.01,FLAT,0.013250000000000001,0.21740242881733493,0.05077327030808251,True,True
181,1,0.2525,0.01075,0.0824999999999999,FLAT,0.013250000000000001,0.21740242881733493,0.05077327030808251,True,False
182,1,0.2525,0.01075,0.155,FLAT,0.013250000000000001,0.21740242881733493,0.05077327030808251,True,False
183,1,0.2525,0.01075,0.2274999999999999,FLAT,0.013250000000000001,0.21740242881733493,0.05077327030808251,True,False
184,1,0.2525,0.01075,0.3,FLAT,0.013250000000000001,0.21740242881733493,0.05077327030808251,True,False
185,1,0.2525,0.0205,0.01,FLAT,0.013250000000000001,0.3202370893504757,0.0780786091481268,True,True
186,1,0.2525,0.0205,0.0824999999999999,FLAT,0.013250000000000001,0.3202370893504757,0.0780786091481268,True,False
187,1,0.2525,0.0205,0.155,FLAT,0.013250000000000001,0.3202370893504757,0.0780786091481268,True,False
188,1,0.2525,0.0205,0.2274999999999999,FLAT,0.013250000000000001,0.3202370893504757,0.0780786091481268,True,False
189,1,0.2525,0.0205,0.3,FLAT,0.013250000000000001,0.3202370893504757,0.0780786091481268,True,False
190,1,0.2525,0.03025,0.01,FLAT,0.013250000000000001,0.4044404086691389,0.1011998216334821,True,True
191,1,0.2525,0.03025,0.0824999999999999,FLAT,0.013250000000000001,0.4044404086691389,0.1011998216334821,True,True
192,1,0.2525,0.03025,0.155,FLAT,0.013250000000000001,0.4044404086691389,0.1011998216334821,True,False
193,1,0.2525,0.03025,0.2274999999999999,FLAT,0.013250000000000001,0.4044404086691389,0.1011998216334821,True,False
194,1,0.2525,0.03025,0.3,FLAT,0.013250000000000001,0.4044404086691389,0.1011998216334821,True,False
195,1,0.2525,0.04,0.01,FLAT,0.013250000000000001,0.47825036258124,0.12191846570617881,True,True
196,1,0.2525,0.04,0.0824999999999999,FLAT,0.013250000000000001,0.47825036258124,0.12191846570617881,True,True
197,1,0.2525,0.04,0.155,FLAT,0.013250000000000001,0.47825036258124,0.12191846570617881,True,False
198,1,0.2525,0.04,0.2274999999999999,FLAT,0.013250000000000001,0.47825036258124,0.12191846570617881,True,False
199,1,0.2525,0.04,0.3,FLAT,0.013250000000000001,0.47825036258124,0.12191846570617881,True,False
200,1,0.37625,0.001,0.01,FLAT,0.013250000000000001,0.06642757353742526,0.010423882190664677,True,True
201,1,0.37625,0.001,0.0824999999999999,FLAT,0.013250000000000001,0.06642757353742526,0.010423882190664677,True,False
202,1,0.37625,0.001,0.155,FLAT,0.013250000000000001,0.06642757353742526,0.010423882190664677,True,False
203,1,0.37625,0.001,0.2274999999999999,FLAT,0.013250000000000001,0.06642757353742526,0.010423882190664677,True,False
204,1,0.37625,0.001,0.3,FLAT,0.013250000000000001,0.06642757353742526,0.010423882190664677,True,False
205,1,0.37625,0.01075,0.01,FLAT,0.013250000000000001,0.27618078990049727,0.05077327030808251,True,True
206,1,0.37625,0.01075,0.0824999999999999,FLAT,0.013250000000000001,0.27618078990049727,0.05077327030808251,True,False
207,1,0.37625,0.01075,0.155,FLAT,0.013250000000000001,0.27618078990049727,0.05077327030808251,True,False
208,1,0.37625,0.01075,0.2274999999999999,FLAT,0.013250000000000001,0.27618078990049727,0.05077327030808251,True,False
209,1,0.37625,0.01075,0.3,FLAT,0.013250000000000001,0.27618078990049727,0.05077327030808251,True,False
210,1,0.37625,0.0205,0.01,FLAT,0.013250000000000001,0.40681851059981494,0.0780786091481268,True,True
211,1,0.37625,0.0205,0.0824999999999999,FLAT,0.013250000000000001,0.40681851059981494,0.0780786091481268,True,False
212,1,0.37625,0.0205,0.155,FLAT,0.013250000000000001,0.40681851059981494,0.0780786091481268,True,False
213,1,0.37625,0.0205,0.2274999999999999,FLAT,0.013250000000000001,0.40681851059981494,0.0780786091481268,True,False
214,1,0.37625,0.0205,0.3,FLAT,0.013250000000000001,0.40681851059981494,0.0780786091481268,True,False
215,1,0.37625,0.03025,0.01,FLAT,0.013250000000000001,0.5137875972295312,0.1011998216334821,True,True
216,1,0.37625,0.03025,0.0824999999999999,FLAT,0.013250000000000001,0.5137875972295312,0.1011998216334821,True,True
217,1,0.37625,0.03025,0.155,FLAT,0.013250000000000001,0.5137875972295312,0.1011998216334821,True,False
218,1,0.37625,0.03025,0.2274999999999999,FLAT,0.013250000000000001,0.5137875972295312,0.1011998216334821,True,False
219,1,0.37625,0.03025,0.3,FLAT,0.013250000000000001,0.5137875972295312,0.1011998216334821,True,False
220,1,0.37625,0.04,0.01,FLAT,0.013250000000000001,0.6075532993187709,0.12191846570617881,True,True
221,1,0.37625,0.04,0.0824999999999999,FLAT,0.013250000000000001,0.6075532993187709,0.12191846570617881,True,True
222,1,0.37625,0.04,0.155,FLAT,0.013250000000000001,0.6075532993187709,0.12191846570617881,True,False
223,1,0.37625,0.04,0.2274999999999999,FLAT,0.013250000000000001,0.6075532993187709,0.12191846570617881,True,False
224,1,0.37625,0.04,0.3,FLAT,0.013250000000000001,0.6075532993187709,0.12191846570617881,True,False
225,1,0.5,0.001,0.01,FLAT,0.013250000000000001,0.0787851717832701,0.010423882190664677,True,True
226,1,0.5,0.001,0.0824999999999999,FLAT,0.013250000000000001,0.0787851717832701,0.010423882190664677,True,False
227,1,0.5,0.001,0.155,FLAT,0.013250000000000001,0.0787851717832701,0.010423882190664677,True,False
228,1,0.5,0.001,0.2274999999999999,FLAT,0.013250000000000001,0.0787851717832701,0.010423882190664677,True,False
229,1,0.5,0.001,0.3,FLAT,0.013250000000000001,0.0787851717832701,0.010423882190664677,True,False
230,1,0.5,0.01075,0.01,FLAT,0.013250000000000001,0.3275590213044727,0.05077327030808251,True,True
231,1,0.5,0.01075,0.0824999999999999,FLAT,0.013250000000000001,0.3275590213044727,0.05077327030808251,True,False
232,1,0.5,0.01075,0.155,FLAT,0.013250000000000001,0.3275590213044727,0.05077327030808251,True,False
233,1,0.5,0.01075,0.2274999999999999,FLAT,0.013250000000000001,0.3275590213044727,0.05077327030808251,True,False
234,1,0.5,0.01075,0.3,FLAT,0.013250000000000001,0.3275590213044727,0.05077327030808251,True,False
235,1,0.5,0.0205,0.01,FLAT,0.013250000000000001,0.4824994281051504,0.0780786091481268,True,True
236,1,0.5,0.0205,0.0824999999999999,FLAT,0.013250000000000001,0.4824994281051504,0.0780786091481268,True,False
237,1,0.5,0.0205,0.155,FLAT,0.013250000000000001,0.4824994281051504,0.0780786091481268,True,False
238,1,0.5,0.0205,0.2274999999999999,FLAT,0.013250000000000001,0.4824994281051504,0.0780786091481268,True,False
239,1,0.5,0.0205,0.3,FLAT,0.013250000000000001,0.4824994281051504,0.0780786091481268,True,False
240,1,0.5,0.03025,0.01,FLAT,0.013250000000000001,0.6093680974969896,0.1011998216334821,True,True
241,1,0.5,0.03025,0.0824999999999999,FLAT,0.013250000000000001,0.6093680974969896,0.1011998216334821,True,True
242,1,0.5,0.03025,0.155,FLAT,0.013250000000000001,0.6093680974969896,0.1011998216334821,True,False
243,1,0.5,0.03025,0.2274999999999999,FLAT,0.013250000000000001,0.6093680974969896,0.1011998216334821,True,False
244,1,0.5,0.03025,0.3,FLAT,0.013250000000000001,0.6093680974969896,0.1011998216334821,True,False
245,1,0.5,0.04,0.01,FLAT,0.013250000000000001,0.7205771414690332,0.12191846570617881,True,True
246,1,0.5,0.04,0.0824999999999999,FLAT,0.013250000000000001,0.7205771414690332,0.12191846570617881,True,True
247,1,0.5,0.04,0.155,FLAT,0.013250000000000001,0.7205771414690332,0.12191846570617881,True,False
248,1,0.5,0.04,0.2274999999999999,FLAT,0.013250000000000001,0.7205771414690332,0.12191846570617881,True,False
249,1,0.5,0.04,0.3,FLAT,0.013250000000000001,0.7205771414690332,0.12191846570617881,True,False
250,2,0.005,0.001,0.01,FLAT,0.025500000000000002,0.0040845780167583,0.010423882190664677,False,True
251,2,0.005,0.001,0.0824999999999999,FLAT,0.025500000000000002,0.0040845780167583,0.010423882190664677,False,False
252,2,0.005,0.001,0.155,FLAT,0.025500000000000002,0.0040845780167583,0.010423882190664677,False,False
253,2,0.005,0.001,0.2274999999999999,FLAT,0.025500000000000002,0.0040845780167583,0.010423882190664677,False,False
254,2,0.005,0.001,0.3,FLAT,0.025500000000000002,0.0040845780167583,0.010423882190664677,False,False
255,2,0.005,0.01075,0.01,FLAT,0.025500000000000002,0.016982134421076708,0.05077327030808251,False,True
256,2,0.005,0.01075,0.0824999999999999,FLAT,0.025500000000000002,0.016982134421076708,0.05077327030808251,False,False
257,2,0.005,0.01075,0.155,FLAT,0.025500000000000002,0.016982134421076708,0.05077327030808251,False,False
258,2,0.005,0.01075,0.2274999999999999,FLAT,0.025500000000000002,0.016982134421076708,0.05077327030808251,False,False
259,2,0.005,0.01075,0.3,FLAT,0.025500000000000002,0.016982134421076708,0.05077327030808251,False,False
260,2,0.005,0.0205,0.01,FLAT,0.025500000000000002,0.025014942691985682,0.0780786091481268,False,True
261,2,0.005,0.0205,0.0824999999999999,FLAT,0.025500000000000002,0.025014942691985682,0.0780786091481268,False,False
262,2,0.005,0.0205,0.155,FLAT,0.025500000000000002,0.025014942691985682,0.0780786091481268,False,False
263,2,0.005,0.0205,0.2274999999999999,FLAT,0.025500000000000002,0.025014942691985682,0.0780786091481268,False,False
264,2,0.005,0.0205,0.3,FLAT,0.025500000000000002,0.025014942691985682,0.0780786091481268,False,False
265,2,0.005,0.03025,0.01,FLAT,0.025500000000000002,0.0315923857092937,0.1011998216334821,False,True
266,2,0.005,0.03025,0.0824999999999999,FLAT,0.025500000000000002,0.0315923857092937,0.1011998216334821,False,True
267,2,0.005,0.03025,0.155,FLAT,0.025500000000000002,0.0315923857092937,0.1011998216334821,False,False
268,2,0.005,0.03025,0.2274999999999999,FLAT,0.025500000000000002,0.0315923857092937,0.1011998216334821,False,False
269,2,0.005,0.03025,0.3,FLAT,0.025500000000000002,0.0315923857092937,0.1011998216334821,False,False
270,2,0.005,0.04,0.01,FLAT,0.025500000000000002,0.0373579632410974,0.12191846570617881,False,True
271,2,0.005,0.04,0.0824999999999999,FLAT,0.025500000000000002,0.0373579632410974,0.12191846570617881,False,True
272,2,0.005,0.04,0.155,FLAT,0.025500000000000002,0.0373579632410974,0.12191846570617881,False,False
273,2,0.005,0.04,0.2274999999999999,FLAT,0.025500000000000002,0.0373579632410974,0.12191846570617881,False,False
274,2,0.005,0.04,0.3,FLAT,0.025500000000000002,0.0373579632410974,0.12191846570617881,False,False
275,2,0.12875,0.001,0.01,FLAT,0.025500000000000002,0.028682271053745587,0.010423882190664677,True,True
276,2,0.12875,0.001,0.0824999999999999,FLAT,0.025500000000000002,0.028682271053745587,0.010423882190664677,True,False
277,2,0.12875,0.001,0.155,FLAT,0.025500000000000002,0.028682271053745587,0.010423882190664677,True,False
278,2,0.12875,0.001,0.2274999999999999,FLAT,0.025500000000000002,0.028682271053745587,0.010423882190664677,True,False
279,2,0.12875,0.001,0.3,FLAT,0.025500000000000002,0.028682271053745587,0.010423882190664677,True,False
280,2,0.12875,0.01075,0.01,FLAT,0.025500000000000002,0.11925006219443884,0.05077327030808251,True,True
281,2,0.12875,0.01075,0.0824999999999999,FLAT,0.025500000000000002,0.11925006219443884,0.05077327030808251,True,False
282,2,0.12875,0.01075,0.155,FLAT,0.025500000000000002,0.11925006219443884,0.05077327030808251,True,False
283,2,0.12875,0.01075,0.2274999999999999,FLAT,0.025500000000000002,0.11925006219443884,0.05077327030808251,True,False
284,2,0.12875,0.01075,0.3,FLAT,0.025500000000000002,0.11925006219443884,0.05077327030808251,True,False
285,2,0.12875,0.0205,0.01,FLAT,0.025500000000000002,0.1756571581548278,0.0780786091481268,True,True
286,2,0.12875,0.0205,0.0824999999999999,FLAT,0.025500000000000002,0.1756571581548278,0.0780786091481268,True,False
287,2,0.12875,0.0205,0.155,FLAT,0.025500000000000002,0.1756571581548278,0.0780786091481268,True,False
288,2,0.12875,0.0205,0.2274999999999999,FLAT,0.025500000000000002,0.1756571581548278,0.0780786091481268,True,False
289,2,0.12875,0.0205,0.3,FLAT,0.025500000000000002,0.1756571581548278,0.0780786091481268,True,False
290,2,0.12875,0.03025,0.01,FLAT,0.025500000000000002,0.2218445495301358,0.1011998216334821,True,True
291,2,0.12875,0.03025,0.0824999999999999,FLAT,0.025500000000000002,0.2218445495301358,0.1011998216334821,True,True
292,2,0.12875,0.03025,0.155,FLAT,0.025500000000000002,0.2218445495301358,0.1011998216334821,True,False
293,2,0.12875,0.03025,0.2274999999999999,FLAT,0.025500000000000002,0.2218445495301358,0.1011998216334821,True,False
294,2,0.12875,0.03025,0.3,FLAT,0.025500000000000002,0.2218445495301358,0.1011998216334821,True,False
295,2,0.12875,0.04,0.01,FLAT,0.025500000000000002,0.26233094907253546,0.12191846570617881,True,True
296,2,0.12875,0.04,0.0824999999999999,FLAT,0.025500000000000002,0.26233094907253546,0.12191846570617881,True,True
297,2,0.12875,0.04,0.155,FLAT,0.025500000000000002,0.26233094907253546,0.12191846570617881,True,False
298,2,0.12875,0.04,0.2274999999999999,FLAT,0.025500000000000002,0.26233094907253546,0.12191846570617881,True,False
299,2,0.12875,0.04,0.3,FLAT,0.025500000000000002,0.26233094907253546,0.12191846570617881,True,False
300,2,0.2525,0.001,0.01,FLAT,0.025500000000000002,0.0429657129374157,0.010423882190664677,True,True
301,2,0.2525,0.001,0.0824999999999999,FLAT,0.025500000000000002,0.0429657129374157,0.010423882190664677,True,False
302,2,0.2525,0.001,0.155,FLAT,0.025500000000000002,0.0429657129374157,0.010423882190664677,True,False
303,2,0.2525,0.001,0.2274999999999999,FLAT,0.025500000000000002,0.0429657129374157,0.010423882190664677,True,False
304,2,0.2525,0.001,0.3,FLAT,0.025500000000000002,0.0429657129374157,0.010423882190664677,True,False
305,2,0.2525,0.01075,0.01,FLAT,0.025500000000000002,0.17863522488907427,0.05077327030808251,True,True
306,2,0.2525,0.01075,0.0824999999999999,FLAT,0.025500000000000002,0.17863522488907427,0.05077327030808251,True,False
307,2,0.2525,0.01075,0.155,FLAT,0.025500000000000002,0.17863522488907427,0.05077327030808251,True,False
308,2,0.2525,0.01075,0.2274999999999999,FLAT,0.025500000000000002,0.17863522488907427,0.05077327030808251,True,False
309,2,0.2525,0.01075,0.3,FLAT,0.025500000000000002,0.17863522488907427,0.05077327030808251,True,False
310,2,0.2525,0.0205,0.01,FLAT,0.025500000000000002,0.26313240742130756,0.0780786091481268,True,True
311,2,0.2525,0.0205,0.0824999999999999,FLAT,0.025500000000000002,0.26313240742130756,0.0780786091481268,True,False
312,2,0.2525,0.0205,0.155,FLAT,0.025500000000000002,0.26313240742130756,0.0780786091481268,True,False
313,2,0.2525,0.0205,0.2274999999999999,FLAT,0.025500000000000002,0.26313240742130756,0.0780786091481268,True,False
314,2,0.2525,0.0205,0.3,FLAT,0.025500000000000002,0.26313240742130756,0.0780786091481268,True,False
315,2,0.2525,0.03025,0.01,FLAT,0.025500000000000002,0.3323205897462355,0.1011998216334821,True,True
316,2,0.2525,0.03025,0.0824999999999999,FLAT,0.025500000000000002,0.3323205897462355,0.1011998216334821,True,True
317,2,0.2525,0.03025,0.155,FLAT,0.025500000000000002,0.3323205897462355,0.1011998216334821,True,False
318,2,0.2525,0.03025,0.2274999999999999,FLAT,0.025500000000000002,0.3323205897462355,0.1011998216334821,True,False
319,2,0.2525,0.03025,0.3,FLAT,0.025500000000000002,0.3323205897462355,0.1011998216334821,True,False
320,2,0.2525,0.04,0.01,FLAT,0.025500000000000002,0.3929687517187896,0.12191846570617881,True,True
321,2,0.2525,0.04,0.0824999999999999,FLAT,0.025500000000000002,0.3929687517187896,0.12191846570617881,True,True
322,2,0.2525,0.04,0.155,FLAT,0.025500000000000002,0.3929687517187896,0.12191846570617881,True,False
323,2,0.2525,0.04,0.2274999999999999,FLAT,0.025500000000000002,0.3929687517187896,0.12191846570617881,True,False
324,2,0.2525,0.04,0.3,FLAT,0.025500000000000002,0.3929687517187896,0.12191846570617881,True,False
325,2,0.37625,0.001,0.01,FLAT,0.025500000000000002,0.05458220776210252,0.010423882190664677,True,True
326,2,0.37625,0.001,0.0824999999999999,FLAT,0.025500000000000002,0.05458220776210252,0.010423882190664677,True,False
327,2,0.37625,0.001,0.155,FLAT,0.025500000000000002,0.05458220776210252,0.010423882190664677,True,False
328,2,0.37625,0.001,0.2274999999999999,FLAT,0.025500000000000002,0.05458220776210252,0.010423882190664677,True,False
329,2,0.37625,0.001,0.3,FLAT,0.025500000000000002,0.05458220776210252,0.010423882190664677,True,False
330,2,0.37625,0.01075,0.01,FLAT,0.025500000000000002,0.22693222786103318,0.05077327030808251,True,True
331,2,0.37625,0.01075,0.0824999999999999,FLAT,0.025500000000000002,0.22693222786103318,0.05077327030808251,True,False
332,2,0.37625,0.01075,0.155,FLAT,0.025500000000000002,0.22693222786103318,0.05077327030808251,True,False
333,2,0.37625,0.01075,0.2274999999999999,FLAT,0.025500000000000002,0.22693222786103318,0.05077327030808251,True,False
334,2,0.37625,0.01075,0.3,FLAT,0.025500000000000002,0.22693222786103318,0.05077327030808251,True,False
335,2,0.37625,0.0205,0.01,FLAT,0.025500000000000002,0.33427462850976924,0.0780786091481268,True,True
336,2,0.37625,0.0205,0.0824999999999999,FLAT,0.025500000000000002,0.33427462850976924,0.0780786091481268,True,False
337,2,0.37625,0.0205,0.155,FLAT,0.025500000000000002,0.33427462850976924,0.0780786091481268,True,False
338,2,0.37625,0.0205,0.2274999999999999,FLAT,0.025500000000000002,0.33427462850976924,0.0780786091481268,True,False
339,2,0.37625,0.0205,0.3,FLAT,0.025500000000000002,0.33427462850976924,0.0780786091481268,True,False
340,2,0.37625,0.03025,0.01,FLAT,0.025500000000000002,0.42216898622337806,0.1011998216334821,True,True
341,2,0.37625,0.03025,0.0824999999999999,FLAT,0.025500000000000002,0.42216898622337806,0.1011998216334821,True,True
342,2,0.37625,0.03025,0.155,FLAT,0.025500000000000002,0.42216898622337806,0.1011998216334821,True,False
343,2,0.37625,0.03025,0.2274999999999999,FLAT,0.025500000000000002,0.42216898622337806,0.1011998216334821,True,False
344,2,0.37625,0.03025,0.3,FLAT,0.025500000000000002,0.42216898622337806,0.1011998216334821,True,False
345,2,0.37625,0.04,0.01,FLAT,0.025500000000000002,0.49921438709912813,0.12191846570617881,True,True
346,2,0.37625,0.04,0.0824999999999999,FLAT,0.025500000000000002,0.49921438709912813,0.12191846570617881,True,True
347,2,0.37625,0.04,0.155,FLAT,0.025500000000000002,0.49921438709912813,0.12191846570617881,True,False
348,2,0.37625,0.04,0.2274999999999999,FLAT,0.025500000000000002,0.49921438709912813,0.12191846570617881,True,False
349,2,0.37625,0.04,0.3,FLAT,0.025500000000000002,0.49921438709912813,0.12191846570617881,True,False
350,2,0.5,0.001,0.01,FLAT,0.025500000000000002,0.06473619892836545,0.010423882190664677,True,True
351,2,0.5,0.001,0.0824999999999999,FLAT,0.025500000000000002,0.06473619892836545,0.010423882190664677,True,False
352,2,0.5,0.001,0.155,FLAT,0.025500000000000002,0.06473619892836545,0.010423882190664677,True,False
353,2,0.5,0.001,0.2274999999999999,FLAT,0.025500000000000002,0.06473619892836545,0.010423882190664677,True,False
354,2,0.5,0.001,0.3,FLAT,0.025500000000000002,0.06473619892836545,0.010423882190664677,True,False
355,2,0.5,0.01075,0.01,FLAT,0.025500000000000002,0.2691486923742402,0.05077327030808251,True,True
356,2,0.5,0.01075,0.0824999999999999,FLAT,0.025500000000000002,0.2691486923742402,0.05077327030808251,True,False
357,2,0.5,0.01075,0.155,FLAT,0.025500000000000002,0.2691486923742402,0.05077327030808251,True,False
358,2,0.5,0.01075,0.2274999999999999,FLAT,0.025500000000000002,0.2691486923742402,0.05077327030808251,True,False
359,2,0.5,0.01075,0.3,FLAT,0.025500000000000002,0.2691486923742402,0.05077327030808251,True,False
360,2,0.5,0.0205,0.01,FLAT,0.025500000000000002,0.39646012382332985,0.0780786091481268,True,True
361,2,0.5,0.0205,0.0824999999999999,FLAT,0.025500000000000002,0.39646012382332985,0.0780786091481268,True,False
362,2,0.5,0.0205,0.155,FLAT,0.025500000000000002,0.39646012382332985,0.0780786091481268,True,False
363,2,0.5,0.0205,0.2274999999999999,FLAT,0.025500000000000002,0.39646012382332985,0.0780786091481268,True,False
364,2,0.5,0.0205,0.3,FLAT,0.025500000000000002,0.39646012382332985,0.0780786091481268,True,False
365,2,0.5,0.03025,0.01,FLAT,0.025500000000000002,0.5007055704426535,0.1011998216334821,True,True
366,2,0.5,0.03025,0.0824999999999999,FLAT,0.025500000000000002,0.5007055704426535,0.1011998216334821,True,True
367,2,0.5,0.03025,0.155,FLAT,0.025500000000000002,0.5007055704426535,0.1011998216334821,True,False
368,2,0.5,0.03025,0.2274999999999999,FLAT,0.025500000000000002,0.5007055704426535,0.1011998216334821,True,False
369,2,0.5,0.03025,0.3,FLAT,0.025500000000000002,0.5007055704426535,0.1011998216334821,True,False
370,2,0.5,0.04,0.01,FLAT,0.025500000000000002,0.5920838162502777,0.12191846570617881,True,True
371,2,0.5,0.04,0.0824999999999999,FLAT,0.025500000000000002,0.5920838162502777,0.12191846570617881,True,True
372,2,0.5,0.04,0.155,FLAT,0.025500000000000002,0.5920838162502777,0.12191846570617881,True,False
373,2,0.5,0.04,0.2274999999999999,FLAT,0.025500000000000002,0.5920838162502777,0.12191846570617881,True,False
374,2,0.5,0.04,0.3,FLAT,0.025500000000000002,0.5920838162502777,0.12191846570617881,True,False
375,3,0.005,0.001,0.01,FLAT,0.037750000000000006,0.0036310661676387944,0.010423882190664677,False,True
376,3,0.005,0.001,0.0824999999999999,FLAT,0.037750000000000006,0.0036310661676387944,0.010423882190664677,False,False
377,3,0.005,0.001,0.155,FLAT,0.037750000000000006,0.0036310661676387944,0.010423882190664677,False,False
378,3,0.005,0.001,0.2274999999999999,FLAT,0.037750000000000006,0.0036310661676387944,0.010423882190664677,False,False
379,3,0.005,0.001,0.3,FLAT,0.037750000000000006,0.0036310661676387944,0.010423882190664677,False,False
380,3,0.005,0.01075,0.01,FLAT,0.037750000000000006,0.01509660324706064,0.05077327030808251,False,True
381,3,0.005,0.01075,0.0824999999999999,FLAT,0.037750000000000006,0.01509660324706064,0.05077327030808251,False,False
382,3,0.005,0.01075,0.155,FLAT,0.037750000000000006,0.01509660324706064,0.05077327030808251,False,False
383,3,0.005,0.01075,0.2274999999999999,FLAT,0.037750000000000006,0.01509660324706064,0.05077327030808251,False,False
384,3,0.005,0.01075,0.3,FLAT,0.037750000000000006,0.01509660324706064,0.05077327030808251,False,False
385,3,0.005,0.0205,0.01,FLAT,0.037750000000000006,0.02223752655026526,0.0780786091481268,False,True
386,3,0.005,0.0205,0.0824999999999999,FLAT,0.037750000000000006,0.02223752655026526,0.0780786091481268,False,False
387,3,0.005,0.0205,0.155,FLAT,0.037750000000000006,0.02223752655026526,0.0780786091481268,False,False
388,3,0.005,0.0205,0.2274999999999999,FLAT,0.037750000000000006,0.02223752655026526,0.0780786091481268,False,False
389,3,0.005,0.0205,0.3,FLAT,0.037750000000000006,0.02223752655026526,0.0780786091481268,False,False
390,3,0.005,0.03025,0.01,FLAT,0.037750000000000006,0.028084674214413415,0.1011998216334821,False,True
391,3,0.005,0.03025,0.0824999999999999,FLAT,0.037750000000000006,0.028084674214413415,0.1011998216334821,False,True
392,3,0.005,0.03025,0.155,FLAT,0.037750000000000006,0.028084674214413415,0.1011998216334821,False,False
393,3,0.005,0.03025,0.2274999999999999,FLAT,0.037750000000000006,0.028084674214413415,0.1011998216334821,False,False
394,3,0.005,0.03025,0.3,FLAT,0.037750000000000006,0.028084674214413415,0.1011998216334821,False,False
395,3,0.005,0.04,0.01,FLAT,0.037750000000000006,0.03321009804687234,0.12191846570617881,False,True
396,3,0.005,0.04,0.0824999999999999,FLAT,0.037750000000000006,0.03321009804687234,0.12191846570617881,False,True
397,3,0.005,0.04,0.155,FLAT,0.037750000000000006,0.03321009804687234,0.12191846570617881,False,False
398,3,0.005,0.04,0.2274999999999999,FLAT,0.037750000000000006,0.03321009804687234,0.12191846570617881,False,False
399,3,0.005,0.04,0.3,FLAT,0.037750000000000006,0.03321009804687234,0.12191846570617881,False,False
400,3,0.12875,0.001,0.01,FLAT,0.037750000000000006,0.025497670409771467,0.010423882190664677,True,True
401,3,0.12875,0.001,0.0824999999999999,FLAT,0.037750000000000006,0.025497670409771467,0.010423882190664677,True,False
402,3,0.12875,0.001,0.155,FLAT,0.037750000000000006,0.025497670409771467,0.010423882190664677,True,False
403,3,0.12875,0.001,0.2274999999999999,FLAT,0.037750000000000006,0.025497670409771467,0.010423882190664677,True,False
404,3,0.12875,0.001,0.3,FLAT,0.037750000000000006,0.025497670409771467,0.010423882190664677,True,False
405,3,0.12875,0.01075,0.01,FLAT,0.037750000000000006,0.10600969415849244,0.05077327030808251,True,True
406,3,0.12875,0.01075,0.0824999999999999,FLAT,0.037750000000000006,0.10600969415849244,0.05077327030808251,True,False
407,3,0.12875,0.01075,0.155,FLAT,0.037750000000000006,0.10600969415849244,0.05077327030808251,True,False
408,3,0.12875,0.01075,0.2274999999999999,FLAT,0.037750000000000006,0.10600969415849244,0.05077327030808251,True,False
409,3,0.12875,0.01075,0.3,FLAT,0.037750000000000006,0.10600969415849244,0.05077327030808251,True,False
410,3,0.12875,0.0205,0.01,FLAT,0.037750000000000006,0.15615389434666163,0.0780786091481268,True,True
411,3,0.12875,0.0205,0.0824999999999999,FLAT,0.037750000000000006,0.15615389434666163,0.0780786091481268,True,False
412,3,0.12875,0.0205,0.155,FLAT,0.037750000000000006,0.15615389434666163,0.0780786091481268,True,False
413,3,0.12875,0.0205,0.2274999999999999,FLAT,0.037750000000000006,0.15615389434666163,0.0780786091481268,True,False
414,3,0.12875,0.0205,0.3,FLAT,0.037750000000000006,0.15615389434666163,0.0780786091481268,True,False
415,3,0.12875,0.03025,0.01,FLAT,0.037750000000000006,0.1972130866319578,0.1011998216334821,True,True
416,3,0.12875,0.03025,0.0824999999999999,FLAT,0.037750000000000006,0.1972130866319578,0.1011998216334821,True,True
417,3,0.12875,0.03025,0.155,FLAT,0.037750000000000006,0.1972130866319578,0.1011998216334821,True,False
418,3,0.12875,0.03025,0.2274999999999999,FLAT,0.037750000000000006,0.1972130866319578,0.1011998216334821,True,False
419,3,0.12875,0.03025,0.3,FLAT,0.037750000000000006,0.1972130866319578,0.1011998216334821,True,False
420,3,0.12875,0.04,0.01,FLAT,0.037750000000000006,0.2332042698153278,0.12191846570617881,True,True
421,3,0.12875,0.04,0.0824999999999999,FLAT,0.037750000000000006,0.2332042698153278,0.12191846570617881,True,True
422,3,0.12875,0.04,0.155,FLAT,0.037750000000000006,0.2332042698153278,0.12191846570617881,True,False
423,3,0.12875,0.04,0.2274999999999999,FLAT,0.037750000000000006,0.2332042698153278,0.12191846570617881,True,False
424,3,0.12875,0.04,0.3,FLAT,0.037750000000000006,0.2332042698153278,0.12191846570617881,True,False
425,3,0.2525,0.001,0.01,FLAT,0.037750000000000006,0.03819521771292987,0.010423882190664677,True,True
426,3,0.2525,0.001,0.0824999999999999,FLAT,0.037750000000000006,0.03819521771292987,0.010423882190664677,True,False
427,3,0.2525,0.001,0.155,FLAT,0.037750000000000006,0.03819521771292987,0.010423882190664677,True,False
428,3,0.2525,0.001,0.2274999999999999,FLAT,0.037750000000000006,0.03819521771292987,0.010423882190664677,True,False
429,3,0.2525,0.001,0.3,FLAT,0.037750000000000006,0.03819521771292987,0.010423882190664677,True,False
430,3,0.2525,0.01075,0.01,FLAT,0.037750000000000006,0.15880130549154042,0.05077327030808251,True,True
431,3,0.2525,0.01075,0.0824999999999999,FLAT,0.037750000000000006,0.15880130549154042,0.05077327030808251,True,False
432,3,0.2525,0.01075,0.155,FLAT,0.037750000000000006,0.15880130549154042,0.05077327030808251,True,False
433,3,0.2525,0.01075,0.2274999999999999,FLAT,0.037750000000000006,0.15880130549154042,0.05077327030808251,True,False
434,3,0.2525,0.01075,0.3,FLAT,0.037750000000000006,0.15880130549154042,0.05077327030808251,True,False
435,3,0.2525,0.0205,0.01,FLAT,0.037750000000000006,0.2339167420176112,0.0780786091481268,True,True
436,3,0.2525,0.0205,0.0824999999999999,FLAT,0.037750000000000006,0.2339167420176112,0.0780786091481268,True,False
437,3,0.2525,0.0205,0.155,FLAT,0.037750000000000006,0.2339167420176112,0.0780786091481268,True,False
438,3,0.2525,0.0205,0.2274999999999999,FLAT,0.037750000000000006,0.2339167420176112,0.0780786091481268,True,False
439,3,0.2525,0.0205,0.3,FLAT,0.037750000000000006,0.2339167420176112,0.0780786091481268,True,False
440,3,0.2525,0.03025,0.01,FLAT,0.037750000000000006,0.295422940946786,0.1011998216334821,True,True
441,3,0.2525,0.03025,0.0824999999999999,FLAT,0.037750000000000006,0.295422940946786,0.1011998216334821,True,True
442,3,0.2525,0.03025,0.155,FLAT,0.037750000000000006,0.295422940946786,0.1011998216334821,True,False
443,3,0.2525,0.03025,0.2274999999999999,FLAT,0.037750000000000006,0.295422940946786,0.1011998216334821,True,False
444,3,0.2525,0.03025,0.3,FLAT,0.037750000000000006,0.295422940946786,0.1011998216334821,True,False
445,3,0.2525,0.04,0.01,FLAT,0.037750000000000006,0.3493373203917386,0.12191846570617881,True,True
446,3,0.2525,0.04,0.0824999999999999,FLAT,0.037750000000000006,0.3493373203917386,0.12191846570617881,True,True
447,3,0.2525,0.04,0.155,FLAT,0.037750000000000006,0.3493373203917386,0.12191846570617881,True,False
448,3,0.2525,0.04,0.2274999999999999,FLAT,0.037750000000000006,0.3493373203917386,0.12191846570617881,True,False
449,3,0.2525,0.04,0.3,FLAT,0.037750000000000006,0.3493373203917386,0.12191846570617881,True,False
450,3,0.37625,0.001,0.01,FLAT,0.037750000000000006,0.04852192984118727,0.010423882190664677,True,True
451,3,0.37625,0.001,0.0824999999999999,FLAT,0.037750000000000006,0.04852192984118727,0.010423882190664677,True,False
452,3,0.37625,0.001,0.155,FLAT,0.037750000000000006,0.04852192984118727,0.010423882190664677,True,False
453,3,0.37625,0.001,0.2274999999999999,FLAT,0.037750000000000006,0.04852192984118727,0.010423882190664677,True,False
454,3,0.37625,0.001,0.3,FLAT,0.037750000000000006,0.04852192984118727,0.010423882190664677,True,False
455,3,0.37625,0.01075,0.01,FLAT,0.037750000000000006,0.20173587860296585,0.05077327030808251,True,True
456,3,0.37625,0.01075,0.0824999999999999,FLAT,0.037750000000000006,0.20173587860296585,0.05077327030808251,True,False
457,3,0.37625,0.01075,0.155,FLAT,0.037750000000000006,0.20173587860296585,0.05077327030808251,True,False
458,3,0.37625,0.01075,0.2274999999999999,FLAT,0.037750000000000006,0.20173587860296585,0.05077327030808251,True,False
459,3,0.37625,0.01075,0.3,FLAT,0.037750000000000006,0.20173587860296585,0.05077327030808251,True,False
460,3,0.37625,0.0205,0.01,FLAT,0.037750000000000006,0.29716002223533317,0.0780786091481268,True,True
461,3,0.37625,0.0205,0.0824999999999999,FLAT,0.037750000000000006,0.29716002223533317,0.0780786091481268,True,False
462,3,0.37625,0.0205,0.155,FLAT,0.037750000000000006,0.29716002223533317,0.0780786091481268,True,False
463,3,0.37625,0.0205,0.2274999999999999,FLAT,0.037750000000000006,0.29716002223533317,0.0780786091481268,True,False
464,3,0.37625,0.0205,0.3,FLAT,0.037750000000000006,0.29716002223533317,0.0780786091481268,True,False
465,3,0.37625,0.03025,0.01,FLAT,0.037750000000000006,0.37529544462433156,0.1011998216334821,True,True
466,3,0.37625,0.03025,0.0824999999999999,FLAT,0.037750000000000006,0.37529544462433156,0.1011998216334821,True,True
467,3,0.37625,0.03025,0.155,FLAT,0.037750000000000006,0.37529544462433156,0.1011998216334821,True,False
468,3,0.37625,0.03025,0.2274999999999999,FLAT,0.037750000000000006,0.37529544462433156,0.1011998216334821,True,False
469,3,0.37625,0.03025,0.3,FLAT,0.037750000000000006,0.37529544462433156,0.1011998216334821,True,False
470,3,0.37625,0.04,0.01,FLAT,0.037750000000000006,0.4437864729127646,0.12191846570617881,True,True
471,3,0.37625,0.04,0.0824999999999999,FLAT,0.037750000000000006,0.4437864729127646,0.12191846570617881,True,True
472,3,0.37625,0.04,0.155,FLAT,0.037750000000000006,0.4437864729127646,0.12191846570617881,True,False
473,3,0.37625,0.04,0.2274999999999999,FLAT,0.037750000000000006,0.4437864729127646,0.12191846570617881,True,False
474,3,0.37625,0.04,0.3,FLAT,0.037750000000000006,0.4437864729127646,0.12191846570617881,True,False
475,3,0.5,0.001,0.01,FLAT,0.037750000000000006,0.05754852050466589,0.010423882190664677,True,True
476,3,0.5,0.001,0.0824999999999999,FLAT,0.037750000000000006,0.05754852050466589,0.010423882190664677,True,False
477,3,0.5,0.001,0.155,FLAT,0.037750000000000006,0.05754852050466589,0.010423882190664677,True,False
478,3,0.5,0.001,0.2274999999999999,FLAT,0.037750000000000006,0.05754852050466589,0.010423882190664677,True,False
479,3,0.5,0.001,0.3,FLAT,0.037750000000000006,0.05754852050466589,0.010423882190664677,True,False
480,3,0.5,0.01075,0.01,FLAT,0.037750000000000006,0.23926503715552747,0.05077327030808251,True,True
481,3,0.5,0.01075,0.0824999999999999,FLAT,0.037750000000000006,0.23926503715552747,0.05077327030808251,True,False
482,3,0.5,0.01075,0.155,FLAT,0.037750000000000006,0.23926503715552747,0.05077327030808251,True,False
483,3,0.5,0.01075,0.2274999999999999,FLAT,0.037750000000000006,0.23926503715552747,0.05077327030808251,True,False
484,3,0.5,0.01075,0.3,FLAT,0.037750000000000006,0.23926503715552747,0.05077327030808251,True,False
485,3,0.5,0.0205,0.01,FLAT,0.037750000000000006,0.35244104446688684,0.0780786091481268,True,True
486,3,0.5,0.0205,0.0824999999999999,FLAT,0.037750000000000006,0.35244104446688684,0.0780786091481268,True,False
487,3,0.5,0.0205,0.155,FLAT,0.037750000000000006,0.35244104446688684,0.0780786091481268,True,False
488,3,0.5,0.0205,0.2274999999999999,FLAT,0.037750000000000006,0.35244104446688684,0.0780786091481268,True,False
489,3,0.5,0.0205,0.3,FLAT,0.037750000000000006,0.35244104446688684,0.0780786091481268,True,False
490,3,0.5,0.03025,0.01,FLAT,0.037750000000000006,0.44511208974911987,0.1011998216334821,True,True
491,3,0.5,0.03025,0.0824999999999999,FLAT,0.037750000000000006,0.44511208974911987,0.1011998216334821,True,True
492,3,0.5,0.03025,0.155,FLAT,0.037750000000000006,0.44511208974911987,0.1011998216334821,True,False
493,3,0.5,0.03025,0.2274999999999999,FLAT,0.037750000000000006,0.44511208974911987,0.1011998216334821,True,False
494,3,0.5,0.03025,0.3,FLAT,0.037750000000000006,0.44511208974911987,0.1011998216334821,True,False
495,3,0.5,0.04,0.01,FLAT,0.037750000000000006,0.5263445831545408,0.12191846570617881,True,True
496,3,0.5,0.04,0.0824999999999999,FLAT,0.037750000000000006,0.5263445831545408,0.12191846570617881,True,True
497,3,0.5,0.04,0.155,FLAT,0.037750000000000006,0.5263445831545408,0.12191846570617881,True,False
498,3,0.5,0.04,0.2274999999999999,FLAT,0.037750000000000006,0.5263445831545408,0.12191846570617881,True,False
499,3,0.5,0.04,0.3,FLAT,0.037750000000000006,0.5263445831545408,0.12191846570617881,True,False
500,4,0.005,0.001,0.01,FLAT,0.05,0.0033374767463815866,0.010423882190664677,False,True
501,4,0.005,0.001,0.0824999999999999,FLAT,0.05,0.0033374767463815866,0.010423882190664677,False,False
502,4,0.005,0.001,0.155,FLAT,0.05,0.0033374767463815866,0.010423882190664677,False,False
503,4,0.005,0.001,0.2274999999999999,FLAT,0.05,0.0033374767463815866,0.010423882190664677,False,False
504,4,0.005,0.001,0.3,FLAT,0.05,0.0033374767463815866,0.010423882190664677,False,False
505,4,0.005,0.01075,0.01,FLAT,0.05,0.01387596919479373,0.05077327030808251,False,True
506,4,0.005,0.01075,0.0824999999999999,FLAT,0.05,0.01387596919479373,0.05077327030808251,False,False
507,4,0.005,0.01075,0.155,FLAT,0.05,0.01387596919479373,0.05077327030808251,False,False
508,4,0.005,0.01075,0.2274999999999999,FLAT,0.05,0.01387596919479373,0.05077327030808251,False,False
509,4,0.005,0.01075,0.3,FLAT,0.05,0.01387596919479373,0.05077327030808251,False,False
510,4,0.005,0.0205,0.01,FLAT,0.05,0.0204395139972939,0.0780786091481268,False,True
511,4,0.005,0.0205,0.0824999999999999,FLAT,0.05,0.0204395139972939,0.0780786091481268,False,False
512,4,0.005,0.0205,0.155,FLAT,0.05,0.0204395139972939,0.0780786091481268,False,False
513,4,0.005,0.0205,0.2274999999999999,FLAT,0.05,0.0204395139972939,0.0780786091481268,False,False
514,4,0.005,0.0205,0.3,FLAT,0.05,0.0204395139972939,0.0780786091481268,False,False
515,4,0.005,0.03025,0.01,FLAT,0.05,0.025813891235493297,0.1011998216334821,False,True
516,4,0.005,0.03025,0.0824999999999999,FLAT,0.05,0.025813891235493297,0.1011998216334821,False,True
517,4,0.005,0.03025,0.155,FLAT,0.05,0.025813891235493297,0.1011998216334821,False,False
518,4,0.005,0.03025,0.2274999999999999,FLAT,0.05,0.025813891235493297,0.1011998216334821,False,False
519,4,0.005,0.03025,0.3,FLAT,0.05,0.025813891235493297,0.1011998216334821,False,False
520,4,0.005,0.04,0.01,FLAT,0.05,0.03052489953620551,0.12191846570617881,False,True
521,4,0.005,0.04,0.0824999999999999,FLAT,0.05,0.03052489953620551,0.12191846570617881,False,True
522,4,0.005,0.04,0.155,FLAT,0.05,0.03052489953620551,0.12191846570617881,False,False
523,4,0.005,0.04,0.2274999999999999,FLAT,0.05,0.03052489953620551,0.12191846570617881,False,False
524,4,0.005,0.04,0.3,FLAT,0.05,0.03052489953620551,0.12191846570617881,False,False
525,4,0.12875,0.001,0.01,FLAT,0.05,0.023436059314460654,0.010423882190664677,True,True
526,4,0.12875,0.001,0.0824999999999999,FLAT,0.05,0.023436059314460654,0.010423882190664677,True,False
527,4,0.12875,0.001,0.155,FLAT,0.05,0.023436059314460654,0.010423882190664677,True,False
528,4,0.12875,0.001,0.2274999999999999,FLAT,0.05,0.023436059314460654,0.010423882190664677,True,False
529,4,0.12875,0.001,0.3,FLAT,0.05,0.023436059314460654,0.010423882190664677,True,False
530,4,0.12875,0.01075,0.01,FLAT,0.05,0.09743829300005961,0.05077327030808251,True,True
531,4,0.12875,0.01075,0.0824999999999999,FLAT,0.05,0.09743829300005961,0.05077327030808251,True,False
532,4,0.12875,0.01075,0.155,FLAT,0.05,0.09743829300005961,0.05077327030808251,True,False
533,4,0.12875,0.01075,0.2274999999999999,FLAT,0.05,0.09743829300005961,0.05077327030808251,True,False
534,4,0.12875,0.01075,0.3,FLAT,0.05,0.09743829300005961,0.05077327030808251,True,False
535,4,0.12875,0.0205,0.01,FLAT,0.05,0.143528089871689,0.0780786091481268,True,True
536,4,0.12875,0.0205,0.0824999999999999,FLAT,0.05,0.143528089871689,0.0780786091481268,True,False
537,4,0.12875,0.0205,0.155,FLAT,0.05,0.143528089871689,0.0780786091481268,True,False
538,4,0.12875,0.0205,0.2274999999999999,FLAT,0.05,0.143528089871689,0.0780786091481268,True,False
539,4,0.12875,0.0205,0.3,FLAT,0.05,0.143528089871689,0.0780786091481268,True,False
540,4,0.12875,0.03025,0.01,FLAT,0.05,0.18126744606923706,0.1011998216334821,True,True
541,4,0.12875,0.03025,0.0824999999999999,FLAT,0.05,0.18126744606923706,0.1011998216334821,True,True
542,4,0.12875,0.03025,0.155,FLAT,0.05,0.18126744606923706,0.1011998216334821,True,False
543,4,0.12875,0.03025,0.2274999999999999,FLAT,0.05,0.18126744606923706,0.1011998216334821,True,False
544,4,0.12875,0.03025,0.3,FLAT,0.05,0.18126744606923706,0.1011998216334821,True,False
545,4,0.12875,0.04,0.01,FLAT,0.05,0.21434856643542657,0.12191846570617881,True,True
546,4,0.12875,0.04,0.0824999999999999,FLAT,0.05,0.21434856643542657,0.12191846570617881,True,True
547,4,0.12875,0.04,0.155,FLAT,0.05,0.21434856643542657,0.12191846570617881,True,False
548,4,0.12875,0.04,0.2274999999999999,FLAT,0.05,0.21434856643542657,0.12191846570617881,True,False
549,4,0.12875,0.04,0.3,FLAT,0.05,0.21434856643542657,0.12191846570617881,True,False
550,4,0.2525,0.001,0.01,FLAT,0.05,0.03510694794713153,0.010423882190664677,True,True
551,4,0.2525,0.001,0.0824999999999999,FLAT,0.05,0.03510694794713153,0.010423882190664677,True,False
552,4,0.2525,0.001,0.155,FLAT,0.05,0.03510694794713153,0.010423882190664677,True,False
553,4,0.2525,0.001,0.2274999999999999,FLAT,0.05,0.03510694794713153,0.010423882190664677,True,False
554,4,0.2525,0.001,0.3,FLAT,0.05,0.03510694794713153,0.010423882190664677,True,False
555,4,0.2525,0.01075,0.01,FLAT,0.05,0.14596144490467924,0.05077327030808251,True,True
556,4,0.2525,0.01075,0.0824999999999999,FLAT,0.05,0.14596144490467924,0.05077327030808251,True,False
557,4,0.2525,0.01075,0.155,FLAT,0.05,0.14596144490467924,0.05077327030808251,True,False
558,4,0.2525,0.01075,0.2274999999999999,FLAT,0.05,0.14596144490467924,0.05077327030808251,True,False
559,4,0.2525,0.01075,0.3,FLAT,0.05,0.14596144490467924,0.05077327030808251,True,False
560,4,0.2525,0.0205,0.01,FLAT,0.05,0.21500343178289844,0.0780786091481268,True,True
561,4,0.2525,0.0205,0.0824999999999999,FLAT,0.05,0.21500343178289844,0.0780786091481268,True,False
562,4,0.2525,0.0205,0.155,FLAT,0.05,0.21500343178289844,0.0780786091481268,True,False
563,4,0.2525,0.0205,0.2274999999999999,FLAT,0.05,0.21500343178289844,0.0780786091481268,True,False
564,4,0.2525,0.0205,0.3,FLAT,0.05,0.21500343178289844,0.0780786091481268,True,False
565,4,0.2525,0.03025,0.01,FLAT,0.05,0.2715365543445088,0.1011998216334821,True,True
566,4,0.2525,0.03025,0.0824999999999999,FLAT,0.05,0.2715365543445088,0.1011998216334821,True,True
567,4,0.2525,0.03025,0.155,FLAT,0.05,0.2715365543445088,0.1011998216334821,True,False
568,4,0.2525,0.03025,0.2274999999999999,FLAT,0.05,0.2715365543445088,0.1011998216334821,True,False
569,4,0.2525,0.03025,0.3,FLAT,0.05,0.2715365543445088,0.1011998216334821,True,False
570,4,0.2525,0.04,0.01,FLAT,0.05,0.3210916930794585,0.12191846570617881,True,True
571,4,0.2525,0.04,0.0824999999999999,FLAT,0.05,0.3210916930794585,0.12191846570617881,True,True
572,4,0.2525,0.04,0.155,FLAT,0.05,0.3210916930794585,0.12191846570617881,True,False
573,4,0.2525,0.04,0.2274999999999999,FLAT,0.05,0.3210916930794585,0.12191846570617881,True,False
574,4,0.2525,0.04,0.3,FLAT,0.05,0.3210916930794585,0.12191846570617881,True,False
575,4,0.37625,0.001,0.01,FLAT,0.05,0.044598694999774126,0.010423882190664677,True,True
576,4,0.37625,0.001,0.0824999999999999,FLAT,0.05,0.044598694999774126,0.010423882190664677,True,False
577,4,0.37625,0.001,0.155,FLAT,0.05,0.044598694999774126,0.010423882190664677,True,False
578,4,0.37625,0.001,0.2274999999999999,FLAT,0.05,0.044598694999774126,0.010423882190664677,True,False
579,4,0.37625,0.001,0.3,FLAT,0.05,0.044598694999774126,0.010423882190664677,True,False
580,4,0.37625,0.01075,0.01,FLAT,0.05,0.18542454823567223,0.05077327030808251,True,True
581,4,0.37625,0.01075,0.0824999999999999,FLAT,0.05,0.18542454823567223,0.05077327030808251,True,False
582,4,0.37625,0.01075,0.155,FLAT,0.05,0.18542454823567223,0.05077327030808251,True,False
583,4,0.37625,0.01075,0.2274999999999999,FLAT,0.05,0.18542454823567223,0.05077327030808251,True,False
584,4,0.37625,0.01075,0.3,FLAT,0.05,0.18542454823567223,0.05077327030808251,True,False
585,4,0.37625,0.0205,0.01,FLAT,0.05,0.2731331841329631,0.0780786091481268,True,True
586,4,0.37625,0.0205,0.0824999999999999,FLAT,0.05,0.2731331841329631,0.0780786091481268,True,False
587,4,0.37625,0.0205,0.155,FLAT,0.05,0.2731331841329631,0.0780786091481268,True,False
588,4,0.37625,0.0205,0.2274999999999999,FLAT,0.05,0.2731331841329631,0.0780786091481268,True,False
589,4,0.37625,0.0205,0.3,FLAT,0.05,0.2731331841329631,0.0780786091481268,True,False
590,4,0.37625,0.03025,0.01,FLAT,0.05,0.34495097627789717,0.1011998216334821,True,True
591,4,0.37625,0.03025,0.0824999999999999,FLAT,0.05,0.34495097627789717,0.1011998216334821,True,True
592,4,0.37625,0.03025,0.155,FLAT,0.05,0.34495097627789717,0.1011998216334821,True,False
593,4,0.37625,0.03025,0.2274999999999999,FLAT,0.05,0.34495097627789717,0.1011998216334821,True,False
594,4,0.37625,0.03025,0.3,FLAT,0.05,0.34495097627789717,0.1011998216334821,True,False
595,4,0.37625,0.04,0.01,FLAT,0.05,0.4079041706552539,0.12191846570617881,True,True
596,4,0.37625,0.04,0.0824999999999999,FLAT,0.05,0.4079041706552539,0.12191846570617881,True,True
597,4,0.37625,0.04,0.155,FLAT,0.05,0.4079041706552539,0.12191846570617881,True,False
598,4,0.37625,0.04,0.2274999999999999,FLAT,0.05,0.4079041706552539,0.12191846570617881,True,False
599,4,0.37625,0.04,0.3,FLAT,0.05,0.4079041706552539,0.12191846570617881,True,False
600,4,0.5,0.001,0.01,FLAT,0.05,0.05289544175337442,0.010423882190664677,True,True
601,4,0.5,0.001,0.0824999999999999,FLAT,0.05,0.05289544175337442,0.010423882190664677,True,False
602,4,0.5,0.001,0.155,FLAT,0.05,0.05289544175337442,0.010423882190664677,True,False
603,4,0.5,0.001,0.2274999999999999,FLAT,0.05,0.05289544175337442,0.010423882190664677,True,False
604,4,0.5,0.001,0.3,FLAT,0.05,0.05289544175337442,0.010423882190664677,True,False
605,4,0.5,0.01075,0.01,FLAT,0.05,0.21991929115628697,0.05077327030808251,True,True
606,4,0.5,0.01075,0.0824999999999999,FLAT,0.05,0.21991929115628697,0.05077327030808251,True,False
607,4,0.5,0.01075,0.155,FLAT,0.05,0.21991929115628697,0.05077327030808251,True,False
608,4,0.5,0.01075,0.2274999999999999,FLAT,0.05,0.21991929115628697,0.05077327030808251,True,False
609,4,0.5,0.01075,0.3,FLAT,0.05,0.21991929115628697,0.05077327030808251,True,False
610,4,0.5,0.0205,0.01,FLAT,0.05,0.3239444659152474,0.0780786091481268,True,True
611,4,0.5,0.0205,0.0824999999999999,FLAT,0.05,0.3239444659152474,0.0780786091481268,True,False
612,4,0.5,0.0205,0.155,FLAT,0.05,0.3239444659152474,0.0780786091481268,True,False
613,4,0.5,0.0205,0.2274999999999999,FLAT,0.05,0.3239444659152474,0.0780786091481268,True,False
614,4,0.5,0.0205,0.3,FLAT,0.05,0.3239444659152474,0.0780786091481268,True,False
615,4,0.5,0.03025,0.01,FLAT,0.05,0.4091226049006493,0.1011998216334821,True,True
616,4,0.5,0.03025,0.0824999999999999,FLAT,0.05,0.4091226049006493,0.1011998216334821,True,True
617,4,0.5,0.03025,0.155,FLAT,0.05,0.4091226049006493,0.1011998216334821,True,False
618,4,0.5,0.03025,0.2274999999999999,FLAT,0.05,0.4091226049006493,0.1011998216334821,True,False
619,4,0.5,0.03025,0.3,FLAT,0.05,0.4091226049006493,0.1011998216334821,True,False
620,4,0.5,0.04,0.01,FLAT,0.05,0.48378705475491507,0.12191846570617881,True,True
621,4,0.5,0.04,0.0824999999999999,FLAT,0.05,0.48378705475491507,0.12191846570617881,True,True
622,4,0.5,0.04,0.155,FLAT,0.05,0.48378705475491507,0.12191846570617881,True,False
623,4,0.5,0.04,0.2274999999999999,FLAT,0.05,0.48378705475491507,0.12191846570617881,True,False
624,4,0.5,0.04,0.3,FLAT,0.05,0.48378705475491507,0.12191846570617881,True,False
