S,n,Q,H0,BOTTOM,yn,yc,subcritical,R2L
0.001,0.005,0.01,1.0,FLAT,0.04296444932050005,0.048383375179084274,False,False
0.001,0.005,0.01,8.25,FLAT,0.04296444932050005,0.048383375179084274,False,False
0.001,0.005,0.01,15.5,FLAT,0.04296444932050005,0.048383375179084274,False,False
0.001,0.005,0.01,22.75,FLAT,0.04296444932050005,0.048383375179084274,False,False
0.001,0.005,0.01,30.0,FLAT,0.04296444932050005,0.048383375179084274,False,False
0.001,0.005,0.0575,1.0,FLAT,0.12271847693365107,0.15528924942934227,False,False
0.001,0.005,0.0575,8.25,FLAT,0.12271847693365107,0.15528924942934227,False,False
0.001,0.005,0.0575,15.5,FLAT,0.12271847693365107,0.15528924942934227,False,False
0.001,0.005,0.0575,22.75,FLAT,0.12271847693365107,0.15528924942934227,False,False
0.001,0.005,0.0575,30.0,FLAT,0.12271847693365107,0.15528924942934227,False,False
0.001,0.005,0.105,1.0,FLAT,0.1761257393443439,0.23200055675216877,False,False
0.001,0.005,0.105,8.25,FLAT,0.1761257393443439,0.23200055675216877,False,False
0.001,0.005,0.105,15.5,FLAT,0.1761257393443439,0.23200055675216877,False,False
0.001,0.005,0.105,22.75,FLAT,0.1761257393443439,0.23200055675216877,False,False
0.001,0.005,0.105,30.0,FLAT,0.1761257393443439,0.23200055675216877,False,False
0.001,0.005,0.15250000000000002,1.0,FLAT,0.22032874260376908,0.2975381946284042,False,False
0.001,0.005,0.15250000000000002,8.25,FLAT,0.22032874260376908,0.2975381946284042,False,False
0.001,0.005,0.15250000000000002,15.5,FLAT,0.22032874260376908,0.2975381946284042,False,False
0.001,0.005,0.15250000000000002,22.75,FLAT,0.22032874260376908,0.2975381946284042,False,False
0.001,0.005,0.15250000000000002,30.0,FLAT,0.22032874260376908,0.2975381946284042,False,False
0.001,0.005,0.2,1.0,FLAT,0.2592550634024553,0.35649175634056385,False,False
0.001,0.005,0.2,8.25,FLAT,0.2592550634024553,0.35649175634056385,False,False
0.001,0.005,0.2,15.5,FLAT,0.2592550634024553,0.35649175634056385,False,False
0.001,0.005,0.2,22.75,FLAT,0.2592550634024553,0.35649175634056385,False,False
0.001,0.005,0.2,30.0,FLAT,0.2592550634024553,0.35649175634056385,False,False
0.001,0.12875,0.01,1.0,FLAT,0.30170019425005845,0.048383375179084274,True,False
0.001,0.12875,0.01,8.25,FLAT,0.30170019425005845,0.048383375179084274,True,False
0.001,0.12875,0.01,15.5,FLAT,0.30170019425005845,0.048383375179084274,True,False
0.001,0.12875,0.01,22.75,FLAT,0.30170019425005845,0.048383375179084274,True,False
0.001,0.12875,0.01,30.0,FLAT,0.30170019425005845,0.048383375179084274,True,False
0.001,0.12875,0.0575,1.0,FLAT,0.8617400877820197,0.15528924942934227,True,False
0.001,0.12875,0.0575,8.25,FLAT,0.8617400877820197,0.15528924942934227,True,False
0.001,0.12875,0.0575,15.5,FLAT,0.8617400877820197,0.15528924942934227,True,False
0.001,0.12875,0.0575,22.75,FLAT,0.8617400877820197,0.15528924942934227,True,False
0.001,0.12875,0.0575,30.0,FLAT,0.8617400877820197,0.15528924942934227,True,False
0.001,0.12875,0.105,1.0,FLAT,1.2367706467325734,0.23200055675216877,True,False
0.001,0.12875,0.105,8.25,FLAT,1.2367706467325734,0.23200055675216877,True,False
0.001,0.12875,0.105,15.5,FLAT,1.2367706467325734,0.23200055675216877,True,False
0.001,0.12875,0.105,22.75,FLAT,1.2367706467325734,0.23200055675216877,True,False
0.001,0.12875,0.105,30.0,FLAT,1.2367706467325734,0.23200055675216877,True,False
0.001,0.12875,0.15250000000000002,1.0,FLAT,1.5471680771830871,0.2975381946284042,True,False
0.001,0.12875,0.15250000000000002,8.25,FLAT,1.5471680771830871,0.2975381946284042,True,False
0.001,0.12875,0.15250000000000002,15.5,FLAT,1.5471680771830871,0.2975381946284042,True,False
0.001,0.12875,0.15250000000000002,22.75,FLAT,1.5471680771830871,0.2975381946284042,True,False
0.001,0.12875,0.15250000000000002,30.0,FLAT,1.5471680771830871,0.2975381946284042,True,False
0.001,0.12875,0.2,1.0,FLAT,1.820512172874782,0.35649175634056385,True,False
0.001,0.12875,0.2,8.25,FLAT,1.820512172874782,0.35649175634056385,True,False
0.001,0.12875,0.2,15.5,FLAT,1.820512172874782,0.35649175634056385,True,False
0.001,0.12875,0.2,22.75,FLAT,1.820512172874782,0.35649175634056385,True,False
0.001,0.12875,0.2,30.0,FLAT,1.820512172874782,0.35649175634056385,True,False
0.001,0.2525,0.01,1.0,FLAT,0.4519434292710156,0.048383375179084274,True,False
0.001,0.2525,0.01,8.25,FLAT,0.4519434292710156,0.048383375179084274,True,False
0.001,0.2525,0.01,15.5,FLAT,0.4519434292710156,0.048383375179084274,True,False
0.001,0.2525,0.01,22.75,FLAT,0.4519434292710156,0.048383375179084274,True,False
0.001,0.2525,0.01,30.0,FLAT,0.4519434292710156,0.048383375179084274,True,False
0.001,0.2525,0.0575,1.0,FLAT,1.290876763870153,0.15528924942934227,True,False
0.001,0.2525,0.0575,8.25,FLAT,1.290876763870153,0.15528924942934227,True,False
0.001,0.2525,0.0575,15.5,FLAT,1.290876763870153,0.15528924942934227,True,False
0.001,0.2525,0.0575,22.75,FLAT,1.290876763870153,0.15528924942934227,True,False
0.001,0.2525,0.0575,30.0,FLAT,1.290876763870153,0.15528924942934227,True,False
0.001,0.2525,0.105,1.0,FLAT,1.8526682380680723,0.23200055675216877,True,False
0.001,0.2525,0.105,8.25,FLAT,1.8526682380680723,0.23200055675216877,True,False
0.001,0.2525,0.105,15.5,FLAT,1.8526682380680723,0.23200055675216877,True,False
0.001,0.2525,0.105,22.75,FLAT,1.8526682380680723,0.23200055675216877,True,False
0.001,0.2525,0.105,30.0,FLAT,1.8526682380680723,0.23200055675216877,True,False
0.001,0.2525,0.15250000000000002,1.0,FLAT,2.317640027375065,0.2975381946284042,True,False
0.001,0.2525,0.15250000000000002,8.25,FLAT,2.317640027375065,0.2975381946284042,True,False
0.001,0.2525,0.15250000000000002,15.5,FLAT,2.317640027375065,0.2975381946284042,True,False
0.001,0.2525,0.15250000000000002,22.75,FLAT,2.317640027375065,0.2975381946284042,True,False
0.001,0.2525,0.15250000000000002,30.0,FLAT,2.317640027375065,0.2975381946284042,True,False
0.001,0.2525,0.2,1.0,FLAT,2.727106346364235,0.35649175634056385,True,False
0.001,0.2525,0.2,8.25,FLAT,2.727106346364235,0.35649175634056385,True,False
0.001,0.2525,0.2,15.5,FLAT,2.727106346364235,0.35649175634056385,True,False
0.001,0.2525,0.2,22.75,FLAT,2.727106346364235,0.35649175634056385,True,False
0.001,0.2525,0.2,30.0,FLAT,2.727106346364235,0.35649175634056385,True,False
0.001,0.37625,0.01,1.0,FLAT,0.5741338492187812,0.048383375179084274,True,False
0.001,0.37625,0.01,8.25,FLAT,0.5741338492187812,0.048383375179084274,True,False
0.001,0.37625,0.01,15.5,FLAT,0.5741338492187812,0.048383375179084274,True,False
0.001,0.37625,0.01,22.75,FLAT,0.5741338492187812,0.048383375179084274,True,False
0.001,0.37625,0.01,30.0,FLAT,0.5741338492187812,0.048383375179084274,True,False
0.001,0.37625,0.0575,1.0,FLAT,1.6398867586222163,0.15528924942934227,True,False
0.001,0.37625,0.0575,8.25,FLAT,1.6398867586222163,0.15528924942934227,True,False
0.001,0.37625,0.0575,15.5,FLAT,1.6398867586222163,0.15528924942934227,True,False
0.001,0.37625,0.0575,22.75,FLAT,1.6398867586222163,0.15528924942934227,True,False
0.001,0.37625,0.0575,30.0,FLAT,1.6398867586222163,0.15528924942934227,True,False
0.001,0.37625,0.105,1.0,FLAT,2.353567898006868,0.23200055675216877,True,False
0.001,0.37625,0.105,8.25,FLAT,2.353567898006868,0.23200055675216877,True,False
0.001,0.37625,0.105,15.5,FLAT,2.353567898006868,0.23200055675216877,True,False
0.001,0.37625,0.105,22.75,FLAT,2.353567898006868,0.23200055675216877,True,False
0.001,0.37625,0.105,30.0,FLAT,2.353567898006868,0.23200055675216877,True,False
0.001,0.37625,0.15250000000000002,1.0,FLAT,2.9442525410020486,0.2975381946284042,True,False
0.001,0.37625,0.15250000000000002,8.25,FLAT,2.9442525410020486,0.2975381946284042,True,False
0.001,0.37625,0.15250000000000002,15.5,FLAT,2.9442525410020486,0.2975381946284042,True,False
0.001,0.37625,0.15250000000000002,22.75,FLAT,2.9442525410020486,0.2975381946284042,True,False
0.001,0.37625,0.15250000000000002,30.0,FLAT,2.9442525410020486,0.2975381946284042,True,False
0.001,0.37625,0.2,1.0,FLAT,3.464424886965558,0.35649175634056385,True,False
0.001,0.37625,0.2,8.25,FLAT,3.464424886965558,0.35649175634056385,True,False
0.001,0.37625,0.2,15.5,FLAT,3.464424886965558,0.35649175634056385,True,False
0.001,0.37625,0.2,22.75,FLAT,3.464424886965558,0.35649175634056385,True,False
0.001,0.37625,0.2,30.0,FLAT,3.464424886965558,0.35649175634056385,True,False
0.001,0.5,0.01,1.0,FLAT,0.6809406324590104,0.048383375179084274,True,False
0.001,0.5,0.01,8.25,FLAT,0.6809406324590104,0.048383375179084274,True,False
0.001,0.5,0.01,15.5,FLAT,0.6809406324590104,0.048383375179084274,True,False
0.001,0.5,0.01,22.75,FLAT,0.6809406324590104,0.048383375179084274,True,False
0.001,0.5,0.01,30.0,FLAT,0.6809406324590104,0.048383375179084274,True,False
0.001,0.5,0.0575,1.0,FLAT,1.9449567868133975,0.15528924942934227,True,False
0.001,0.5,0.0575,8.25,FLAT,1.9449567868133975,0.15528924942934227,True,False
0.001,0.5,0.0575,15.5,FLAT,1.9449567868133975,0.15528924942934227,True,False
0.001,0.5,0.0575,22.75,FLAT,1.9449567868133975,0.15528924942934227,True,False
0.001,0.5,0.0575,30.0,FLAT,1.9449567868133975,0.15528924942934227,True,False
0.001,0.5,0.105,1.0,FLAT,2.791404853040311,0.23200055675216877,True,False
0.001,0.5,0.105,8.25,FLAT,2.791404853040311,0.23200055675216877,True,False
0.001,0.5,0.105,15.5,FLAT,2.791404853040311,0.23200055675216877,True,False
0.001,0.5,0.105,22.75,FLAT,2.791404853040311,0.23200055675216877,True,False
0.001,0.5,0.105,30.0,FLAT,2.791404853040311,0.23200055675216877,True,False
0.001,0.5,0.15250000000000002,1.0,FLAT,3.491975242562305,0.2975381946284042,True,False
0.001,0.5,0.15250000000000002,8.25,FLAT,3.491975242562305,0.2975381946284042,True,False
0.001,0.5,0.15250000000000002,15.5,FLAT,3.491975242562305,0.2975381946284042,True,False
0.001,0.5,0.15250000000000002,22.75,FLAT,3.491975242562305,0.2975381946284042,True,False
0.001,0.5,0.15250000000000002,30.0,FLAT,3.491975242562305,0.2975381946284042,True,False
0.001,0.5,0.2,1.0,FLAT,4.108915850976257,0.35649175634056385,True,False
0.001,0.5,0.2,8.25,FLAT,4.108915850976257,0.35649175634056385,True,False
0.001,0.5,0.2,15.5,FLAT,4.108915850976257,0.35649175634056385,True,False
0.001,0.5,0.2,22.75,FLAT,4.108915850976257,0.35649175634056385,True,False
0.001,0.5,0.2,30.0,FLAT,4.108915850976257,0.35649175634056385,True,False
0.013250000000000001,0.005,0.01,1.0,FLAT,0.019789940400654765,0.048383375179084274,False,False
0.013250000000000001,0.005,0.01,8.25,FLAT,0.019789940400654765,0.048383375179084274,False,False
0.013250000000000001,0.005,0.01,15.5,FLAT,0.019789940400654765,0.048383375179084274,False,False
0.013250000000000001,0.005,0.01,22.75,FLAT,0.019789940400654765,0.048383375179084274,False,False
0.013250000000000001,0.005,0.01,30.0,FLAT,0.019789940400654765,0.048383375179084274,False,False
0.013250000000000001,0.005,0.0575,1.0,FLAT,0.056525601584221936,0.15528924942934227,False,False
0.013250000000000001,0.005,0.0575,8.25,FLAT,0.056525601584221936,0.15528924942934227,False,False
0.013250000000000001,0.005,0.0575,15.5,FLAT,0.056525601584221936,0.15528924942934227,False,False
0.013250000000000001,0.005,0.0575,22.75,FLAT,0.056525601584221936,0.15528924942934227,False,False
0.013250000000000001,0.005,0.0575,30.0,FLAT,0.056525601584221936,0.15528924942934227,False,False
0.013250000000000001,0.005,0.105,1.0,FLAT,0.0811256268792148,0.23200055675216877,False,False
0.013250000000000001,0.005,0.105,8.25,FLAT,0.0811256268792148,0.23200055675216877,False,False
0.013250000000000001,0.005,0.105,15.5,FLAT,0.0811256268792148,0.23200055675216877,False,False
0.013250000000000001,0.005,0.105,22.75,FLAT,0.0811256268792148,0.23200055675216877,False,False
0.013250000000000001,0.005,0.105,30.0,FLAT,0.0811256268792148,0.23200055675216877,False,False
0.013250000000000001,0.005,0.15250000000000002,1.0,FLAT,0.10148606007151416,0.2975381946284042,False,False
0.013250000000000001,0.005,0.15250000000000002,8.25,FLAT,0.10148606007151416,0.2975381946284042,False,False
0.013250000000000001,0.005,0.15250000000000002,15.5,FLAT,0.10148606007151416,0.2975381946284042,False,False
0.013250000000000001,0.005,0.15250000000000002,22.75,FLAT,0.10148606007151416,0.2975381946284042,False,False
0.013250000000000001,0.005,0.15250000000000002,30.0,FLAT,0.10148606007151416,0.2975381946284042,False,False
0.013250000000000001,0.005,0.2,1.0,FLAT,0.11941599006727006,0.35649175634056385,False,False
0.013250000000000001,0.005,0.2,8.25,FLAT,0.11941599006727006,0.35649175634056385,False,False
0.013250000000000001,0.005,0.2,15.5,FLAT,0.11941599006727006,0.35649175634056385,False,False
0.013250000000000001,0.005,0.2,22.75,FLAT,0.11941599006727006,0.35649175634056385,False,False
0.013250000000000001,0.005,0.2,30.0,FLAT,0.11941599006727006,0.35649175634056385,False,False
0.013250000000000001,0.12875,0.01,1.0,FLAT,0.13896672615389014,0.048383375179084274,True,False
0.013250000000000001,0.12875,0.01,8.25,FLAT,0.13896672615389014,0.048383375179084274,True,False
0.013250000000000001,0.12875,0.01,15.5,FLAT,0.13896672615389014,0.048383375179084274,True,False
0.013250000000000001,0.12875,0.01,22.75,FLAT,0.13896672615389014,0.048383375179084274,True,False
0.013250000000000001,0.12875,0.01,30.0,FLAT,0.13896672615389014,0.048383375179084274,True,False
0.013250000000000001,0.12875,0.0575,1.0,FLAT,0.396927814688041,0.15528924942934227,True,False
0.013250000000000001,0.12875,0.0575,8.25,FLAT,0.396927814688041,0.15528924942934227,True,False
0.013250000000000001,0.12875,0.0575,15.5,FLAT,0.396927814688041,0.15528924942934227,True,False
0.013250000000000001,0.12875,0.0575,22.75,FLAT,0.396927814688041,0.15528924942934227,True,False
0.013250000000000001,0.12875,0.0575,30.0,FLAT,0.396927814688041,0.15528924942934227,True,False
0.013250000000000001,0.12875,0.105,1.0,FLAT,0.569671385883179,0.23200055675216877,True,False
0.013250000000000001,0.12875,0.105,8.25,FLAT,0.569671385883179,0.23200055675216877,True,False
0.013250000000000001,0.12875,0.105,15.5,FLAT,0.569671385883179,0.23200055675216877,True,False
0.013250000000000001,0.12875,0.105,22.75,FLAT,0.569671385883179,0.23200055675216877,True,False
0.013250000000000001,0.12875,0.105,30.0,FLAT,0.569671385883179,0.23200055675216877,True,False
0.013250000000000001,0.12875,0.15250000000000002,1.0,FLAT,0.7126441632905949,0.2975381946284042,True,False
0.013250000000000001,0.12875,0.15250000000000002,8.25,FLAT,0.7126441632905949,0.2975381946284042,True,False
0.013250000000000001,0.12875,0.15250000000000002,15.5,FLAT,0.7126441632905949,0.2975381946284042,True,False
0.013250000000000001,0.12875,0.15250000000000002,22.75,FLAT,0.7126441632905949,0.2975381946284042,True,False
0.013250000000000001,0.12875,0.15250000000000002,30.0,FLAT,0.7126441632905949,0.2975381946284042,True,False
0.013250000000000001,0.12875,0.2,1.0,FLAT,0.8385497305249557,0.35649175634056385,True,False
0.013250000000000001,0.12875,0.2,8.25,FLAT,0.8385497305249557,0.35649175634056385,True,False
0.013250000000000001,0.12875,0.2,15.5,FLAT,0.8385497305249557,0.35649175634056385,True,False
0.013250000000000001,0.12875,0.2,22.75,FLAT,0.8385497305249557,0.35649175634056385,True,False
0.013250000000000001,0.12875,0.2,30.0,FLAT,0.8385497305249557,0.35649175634056385,True,False
0.013250000000000001,0.2525,0.01,1.0,FLAT,0.20817056127083705,0.048383375179084274,True,False
0.013250000000000001,0.2525,0.01,8.25,FLAT,0.20817056127083705,0.048383375179084274,True,False
0.013250000000000001,0.2525,0.01,15.5,FLAT,0.20817056127083705,0.048383375179084274,True,False
0.013250000000000001,0.2525,0.01,22.75,FLAT,0.20817056127083705,0.048383375179084274,True,False
0.013250000000000001,0.2525,0.01,30.0,FLAT,0.20817056127083705,0.048383375179084274,True,False
0.013250000000000001,0.2525,0.0575,1.0,FLAT,0.5945933120430157,0.15528924942934227,True,False
0.013250000000000001,0.2525,0.0575,8.25,FLAT,0.5945933120430157,0.15528924942934227,True,False
0.013250000000000001,0.2525,0.0575,15.5,FLAT,0.5945933120430157,0.15528924942934227,True,False
0.013250000000000001,0.2525,0.0575,22.75,FLAT,0.5945933120430157,0.15528924942934227,True,False
0.013250000000000001,0.2525,0.0575,30.0,FLAT,0.5945933120430157,0.15528924942934227,True,False
0.013250000000000001,0.2525,0.105,1.0,FLAT,0.8533611996292776,0.23200055675216877,True,False
0.013250000000000001,0.2525,0.105,8.25,FLAT,0.8533611996292776,0.23200055675216877,True,False
0.013250000000000001,0.2525,0.105,15.5,FLAT,0.8533611996292776,0.23200055675216877,True,False
0.013250000000000001,0.2525,0.105,22.75,FLAT,0.8533611996292776,0.23200055675216877,True,False
0.013250000000000001,0.2525,0.105,30.0,FLAT,0.8533611996292776,0.23200055675216877,True,False
0.013250000000000001,0.2525,0.15250000000000002,1.0,FLAT,1.067532779712364,0.2975381946284042,True,False
0.013250000000000001,0.2525,0.15250000000000002,8.25,FLAT,1.067532779712364,0.2975381946284042,True,False
0.013250000000000001,0.2525,0.15250000000000002,15.5,FLAT,1.067532779712364,0.2975381946284042,True,False
0.013250000000000001,0.2525,0.15250000000000002,22.75,FLAT,1.067532779712364,0.2975381946284042,True,False
0.013250000000000001,0.2525,0.15250000000000002,30.0,FLAT,1.067532779712364,0.2975381946284042,True,False
0.013250000000000001,0.2525,0.2,1.0,FLAT,1.25613787478581,0.35649175634056385,True,False
0.013250000000000001,0.2525,0.2,8.25,FLAT,1.25613787478581,0.35649175634056385,True,False
0.013250000000000001,0.2525,0.2,15.5,FLAT,1.25613787478581,0.35649175634056385,True,False
0.013250000000000001,0.2525,0.2,22.75,FLAT,1.25613787478581,0.35649175634056385,True,False
0.013250000000000001,0.2525,0.2,30.0,FLAT,1.25613787478581,0.35649175634056385,True,False
0.013250000000000001,0.37625,0.01,1.0,FLAT,0.2644529334771874,0.048383375179084274,True,False
0.013250000000000001,0.37625,0.01,8.25,FLAT,0.2644529334771874,0.048383375179084274,True,False
0.013250000000000001,0.37625,0.01,15.5,FLAT,0.2644529334771874,0.048383375179084274,True,False
0.013250000000000001,0.37625,0.01,22.75,FLAT,0.2644529334771874,0.048383375179084274,True,False
0.013250000000000001,0.37625,0.01,30.0,FLAT,0.2644529334771874,0.048383375179084274,True,False
0.013250000000000001,0.37625,0.0575,1.0,FLAT,0.7553514994423969,0.15528924942934227,True,False
0.013250000000000001,0.37625,0.0575,8.25,FLAT,0.7553514994423969,0.15528924942934227,True,False
0.013250000000000001,0.37625,0.0575,15.5,FLAT,0.7553514994423969,0.15528924942934227,True,False
0.013250000000000001,0.37625,0.0575,22.75,FLAT,0.7553514994423969,0.15528924942934227,True,False
0.013250000000000001,0.37625,0.0575,30.0,FLAT,0.7553514994423969,0.15528924942934227,True,False
0.013250000000000001,0.37625,0.105,1.0,FLAT,1.0840815876168228,0.23200055675216877,True,False
0.013250000000000001,0.37625,0.105,8.25,FLAT,1.0840815876168228,0.23200055675216877,True,False
0.013250000000000001,0.37625,0.105,15.5,FLAT,1.0840815876168228,0.23200055675216877,True,False
0.013250000000000001,0.37625,0.105,22.75,FLAT,1.0840815876168228,0.23200055675216877,True,False
0.013250000000000001,0.37625,0.105,30.0,FLAT,1.0840815876168228,0.23200055675216877,True,False
0.013250000000000001,0.37625,0.15250000000000002,1.0,FLAT,1.356158015112871,0.2975381946284042,True,False
0.013250000000000001,0.37625,0.15250000000000002,8.25,FLAT,1.356158015112871,0.2975381946284042,True,False
0.013250000000000001,0.37625,0.15250000000000002,15.5,FLAT,1.356158015112871,0.2975381946284042,True,False
0.013250000000000001,0.37625,0.15250000000000002,22.75,FLAT,1.356158015112871,0.2975381946284042,True,False
0.013250000000000001,0.37625,0.15250000000000002,30.0,FLAT,1.356158015112871,0.2975381946284042,True,False
0.013250000000000001,0.37625,0.2,1.0,FLAT,1.5957556333179963,0.35649175634056385,True,False
0.013250000000000001,0.37625,0.2,8.25,FLAT,1.5957556333179963,0.35649175634056385,True,False
0.013250000000000001,0.37625,0.2,15.5,FLAT,1.5957556333179963,0.35649175634056385,True,False
0.013250000000000001,0.37625,0.2,22.75,FLAT,1.5957556333179963,0.35649175634056385,True,False
0.013250000000000001,0.37625,0.2,30.0,FLAT,1.5957556333179963,0.35649175634056385,True,False
0.013250000000000001,0.5,0.01,1.0,FLAT,0.3136494182020889,0.048383375179084274,True,False
0.013250000000000001,0.5,0.01,8.25,FLAT,0.3136494182020889,0.048383375179084274,True,False
0.013250000000000001,0.5,0.01,15.5,FLAT,0.3136494182020889,0.048383375179084274,True,False
0.013250000000000001,0.5,0.01,22.75,FLAT,0.3136494182020889,0.048383375179084274,True,False
0.013250000000000001,0.5,0.01,30.0,FLAT,0.3136494182020889,0.048383375179084274,True,False
0.013250000000000001,0.5,0.0575,1.0,FLAT,0.8958704115060248,0.15528924942934227,True,False
0.013250000000000001,0.5,0.0575,8.25,FLAT,0.8958704115060248,0.15528924942934227,True,False
0.013250000000000001,0.5,0.0575,15.5,FLAT,0.8958704115060248,0.15528924942934227,True,False
0.013250000000000001,0.5,0.0575,22.75,FLAT,0.8958704115060248,0.15528924942934227,True,False
0.013250000000000001,0.5,0.0575,30.0,FLAT,0.8958704115060248,0.15528924942934227,True,False
0.013250000000000001,0.5,0.105,1.0,FLAT,1.2857545377500785,0.23200055675216877,True,False
0.013250000000000001,0.5,0.105,8.25,FLAT,1.2857545377500785,0.23200055675216877,True,False
0.013250000000000001,0.5,0.105,15.5,FLAT,1.2857545377500785,0.23200055675216877,True,False
0.013250000000000001,0.5,0.105,22.75,FLAT,1.2857545377500785,0.23200055675216877,True,False
0.013250000000000001,0.5,0.105,30.0,FLAT,1.2857545377500785,0.23200055675216877,True,False
0.013250000000000001,0.5,0.15250000000000002,1.0,FLAT,1.608445657370424,0.2975381946284042,True,False
0.013250000000000001,0.5,0.15250000000000002,8.25,FLAT,1.608445657370424,0.2975381946284042,True,False
0.013250000000000001,0.5,0.15250000000000002,15.5,FLAT,1.608445657370424,0.2975381946284042,True,False
0.013250000000000001,0.5,0.15250000000000002,22.75,FLAT,1.608445657370424,0.2975381946284042,True,False
0.013250000000000001,0.5,0.15250000000000002,30.0,FLAT,1.608445657370424,0.2975381946284042,True,False
0.013250000000000001,0.5,0.2,1.0,FLAT,1.8926158972862026,0.35649175634056385,True,False
0.013250000000000001,0.5,0.2,8.25,FLAT,1.8926158972862026,0.35649175634056385,True,False
0.013250000000000001,0.5,0.2,15.5,FLAT,1.8926158972862026,0.35649175634056385,True,False
0.013250000000000001,0.5,0.2,22.75,FLAT,1.8926158972862026,0.35649175634056385,True,False
0.013250000000000001,0.5,0.2,30.0,FLAT,1.8926158972862026,0.35649175634056385,True,False
0.025500000000000002,0.005,0.01,1.0,FLAT,0.016260997971566618,0.048383375179084274,False,False
0.025500000000000002,0.005,0.01,8.25,FLAT,0.016260997971566618,0.048383375179084274,False,False
0.025500000000000002,0.005,0.01,15.5,FLAT,0.016260997971566618,0.048383375179084274,False,False
0.025500000000000002,0.005,0.01,22.75,FLAT,0.016260997971566618,0.048383375179084274,False,False
0.025500000000000002,0.005,0.01,30.0,FLAT,0.016260997971566618,0.048383375179084274,False,False
0.025500000000000002,0.005,0.0575,1.0,FLAT,0.04644595557610698,0.15528924942934227,False,False
0.025500000000000002,0.005,0.0575,8.25,FLAT,0.04644595557610698,0.15528924942934227,False,False
0.025500000000000002,0.005,0.0575,15.5,FLAT,0.04644595557610698,0.15528924942934227,False,False
0.025500000000000002,0.005,0.0575,22.75,FLAT,0.04644595557610698,0.15528924942934227,False,False
0.025500000000000002,0.005,0.0575,30.0,FLAT,0.04644595557610698,0.15528924942934227,False,False
0.025500000000000002,0.005,0.105,1.0,FLAT,0.06665930404122573,0.23200055675216877,False,False
0.025500000000000002,0.005,0.105,8.25,FLAT,0.06665930404122573,0.23200055675216877,False,False
0.025500000000000002,0.005,0.105,15.5,FLAT,0.06665930404122573,0.23200055675216877,False,False
0.025500000000000002,0.005,0.105,22.75,FLAT,0.06665930404122573,0.23200055675216877,False,False
0.025500000000000002,0.005,0.105,30.0,FLAT,0.06665930404122573,0.23200055675216877,False,False
0.025500000000000002,0.005,0.15250000000000002,1.0,FLAT,0.08338906452242675,0.2975381946284042,False,False
0.025500000000000002,0.005,0.15250000000000002,8.25,FLAT,0.08338906452242675,0.2975381946284042,False,False
0.025500000000000002,0.005,0.15250000000000002,15.5,FLAT,0.08338906452242675,0.2975381946284042,False,False
0.025500000000000002,0.005,0.15250000000000002,22.75,FLAT,0.08338906452242675,0.2975381946284042,False,False
0.025500000000000002,0.005,0.15250000000000002,30.0,FLAT,0.08338906452242675,0.2975381946284042,False,False
0.025500000000000002,0.005,0.2,1.0,FLAT,0.0981217291686362,0.35649175634056385,False,False
0.025500000000000002,0.005,0.2,8.25,FLAT,0.0981217291686362,0.35649175634056385,False,False
0.025500000000000002,0.005,0.2,15.5,FLAT,0.0981217291686362,0.35649175634056385,False,False
0.025500000000000002,0.005,0.2,22.75,FLAT,0.0981217291686362,0.35649175634056385,False,False
0.025500000000000002,0.005,0.2,30.0,FLAT,0.0981217291686362,0.35649175634056385,False,False
0.025500000000000002,0.12875,0.01,1.0,FLAT,0.1141861777425513,0.048383375179084274,True,False
0.025500000000000002,0.12875,0.01,8.25,FLAT,0.1141861777425513,0.048383375179084274,True,False
0.025500000000000002,0.12875,0.01,15.5,FLAT,0.1141861777425513,0.048383375179084274,True,False
0.025500000000000002,0.12875,0.01,22.75,FLAT,0.1141861777425513,0.048383375179084274,True,False
0.025500000000000002,0.12875,0.01,30.0,FLAT,0.1141861777425513,0.048383375179084274,True,False
0.025500000000000002,0.12875,0.0575,1.0,FLAT,0.326147641621349,0.15528924942934227,True,False
0.025500000000000002,0.12875,0.0575,8.25,FLAT,0.326147641621349,0.15528924942934227,True,False
0.025500000000000002,0.12875,0.0575,15.5,FLAT,0.326147641621349,0.15528924942934227,True,False
0.025500000000000002,0.12875,0.0575,22.75,FLAT,0.326147641621349,0.15528924942934227,True,False
0.025500000000000002,0.12875,0.0575,30.0,FLAT,0.326147641621349,0.15528924942934227,True,False
0.025500000000000002,0.12875,0.105,1.0,FLAT,0.4680875769590207,0.23200055675216877,True,False
0.025500000000000002,0.12875,0.105,8.25,FLAT,0.4680875769590207,0.23200055675216877,True,False
0.025500000000000002,0.12875,0.105,15.5,FLAT,0.4680875769590207,0.23200055675216877,True,False
0.025500000000000002,0.12875,0.105,22.75,FLAT,0.4680875769590207,0.23200055675216877,True,False
0.025500000000000002,0.12875,0.105,30.0,FLAT,0.4680875769590207,0.23200055675216877,True,False
0.025500000000000002,0.12875,0.15250000000000002,1.0,FLAT,0.5855654468435765,0.2975381946284042,True,False
0.025500000000000002,0.12875,0.15250000000000002,8.25,FLAT,0.5855654468435765,0.2975381946284042,True,False
0.025500000000000002,0.12875,0.15250000000000002,15.5,FLAT,0.5855654468435765,0.2975381946284042,True,False
0.025500000000000002,0.12875,0.15250000000000002,22.75,FLAT,0.5855654468435765,0.2975381946284042,True,False
0.025500000000000002,0.12875,0.15250000000000002,30.0,FLAT,0.5855654468435765,0.2975381946284042,True,False
0.025500000000000002,0.12875,0.2,1.0,FLAT,0.689019531694643,0.35649175634056385,True,False
0.025500000000000002,0.12875,0.2,8.25,FLAT,0.689019531694643,0.35649175634056385,True,False
0.025500000000000002,0.12875,0.2,15.5,FLAT,0.689019531694643,0.35649175634056385,True,False
0.025500000000000002,0.12875,0.2,22.75,FLAT,0.689019531694643,0.35649175634056385,True,False
0.025500000000000002,0.12875,0.2,30.0,FLAT,0.689019531694643,0.35649175634056385,True,False
0.025500000000000002,0.2525,0.01,1.0,FLAT,0.17104958408328352,0.048383375179084274,True,False
0.025500000000000002,0.2525,0.01,8.25,FLAT,0.17104958408328352,0.048383375179084274,True,False
0.025500000000000002,0.2525,0.01,15.5,FLAT,0.17104958408328352,0.048383375179084274,True,False
0.025500000000000002,0.2525,0.01,22.75,FLAT,0.17104958408328352,0.048383375179084274,True,False
0.025500000000000002,0.2525,0.01,30.0,FLAT,0.17104958408328352,0.048383375179084274,True,False
0.025500000000000002,0.2525,0.0575,1.0,FLAT,0.4885654249225865,0.15528924942934227,True,False
0.025500000000000002,0.2525,0.0575,8.25,FLAT,0.4885654249225865,0.15528924942934227,True,False
0.025500000000000002,0.2525,0.0575,15.5,FLAT,0.4885654249225865,0.15528924942934227,True,False
0.025500000000000002,0.2525,0.0575,22.75,FLAT,0.4885654249225865,0.15528924942934227,True,False
0.025500000000000002,0.2525,0.0575,30.0,FLAT,0.4885654249225865,0.15528924942934227,True,False
0.025500000000000002,0.2525,0.105,1.0,FLAT,0.7011898194360519,0.23200055675216877,True,False
0.025500000000000002,0.2525,0.105,8.25,FLAT,0.7011898194360519,0.23200055675216877,True,False
0.025500000000000002,0.2525,0.105,15.5,FLAT,0.7011898194360519,0.23200055675216877,True,False
0.025500000000000002,0.2525,0.105,22.75,FLAT,0.7011898194360519,0.23200055675216877,True,False
0.025500000000000002,0.2525,0.105,30.0,FLAT,0.7011898194360519,0.23200055675216877,True,False
0.025500000000000002,0.2525,0.15250000000000002,1.0,FLAT,0.8771703205791002,0.2975381946284042,True,False
0.025500000000000002,0.2525,0.15250000000000002,8.25,FLAT,0.8771703205791002,0.2975381946284042,True,False
0.025500000000000002,0.2525,0.15250000000000002,15.5,FLAT,0.8771703205791002,0.2975381946284042,True,False
0.025500000000000002,0.2525,0.15250000000000002,22.75,FLAT,0.8771703205791002,0.2975381946284042,True,False
0.025500000000000002,0.2525,0.15250000000000002,30.0,FLAT,0.8771703205791002,0.2975381946284042,True,False
0.025500000000000002,0.2525,0.2,1.0,FLAT,1.0321433526512418,0.35649175634056385,True,False
0.025500000000000002,0.2525,0.2,8.25,FLAT,1.0321433526512418,0.35649175634056385,True,False
0.025500000000000002,0.2525,0.2,15.5,FLAT,1.0321433526512418,0.35649175634056385,True,False
0.025500000000000002,0.2525,0.2,22.75,FLAT,1.0321433526512418,0.35649175634056385,True,False
0.025500000000000002,0.2525,0.2,30.0,FLAT,1.0321433526512418,0.35649175634056385,True,False
0.025500000000000002,0.37625,0.01,1.0,FLAT,0.21729568294733767,0.048383375179084274,True,False
0.025500000000000002,0.37625,0.01,8.25,FLAT,0.21729568294733767,0.048383375179084274,True,False
0.025500000000000002,0.37625,0.01,15.5,FLAT,0.21729568294733767,0.048383375179084274,True,False
0.025500000000000002,0.37625,0.01,22.75,FLAT,0.21729568294733767,0.048383375179084274,True,False
0.025500000000000002,0.37625,0.01,30.0,FLAT,0.21729568294733767,0.048383375179084274,True,False
0.025500000000000002,0.37625,0.0575,1.0,FLAT,0.6206572102585128,0.15528924942934227,True,False
0.025500000000000002,0.37625,0.0575,8.25,FLAT,0.6206572102585128,0.15528924942934227,True,False
0.025500000000000002,0.37625,0.0575,15.5,FLAT,0.6206572102585128,0.15528924942934227,True,False
0.025500000000000002,0.37625,0.0575,22.75,FLAT,0.6206572102585128,0.15528924942934227,True,False
0.025500000000000002,0.37625,0.0575,30.0,FLAT,0.6206572102585128,0.15528924942934227,True,False
0.025500000000000002,0.37625,0.105,1.0,FLAT,0.8907681448432576,0.23200055675216877,True,False
0.025500000000000002,0.37625,0.105,8.25,FLAT,0.8907681448432576,0.23200055675216877,True,False
0.025500000000000002,0.37625,0.105,15.5,FLAT,0.8907681448432576,0.23200055675216877,True,False
0.025500000000000002,0.37625,0.105,22.75,FLAT,0.8907681448432576,0.23200055675216877,True,False
0.025500000000000002,0.37625,0.105,30.0,FLAT,0.8907681448432576,0.23200055675216877,True,False
0.025500000000000002,0.37625,0.15250000000000002,1.0,FLAT,1.1143279002570714,0.2975381946284042,True,False
0.025500000000000002,0.37625,0.15250000000000002,8.25,FLAT,1.1143279002570714,0.2975381946284042,True,False
0.025500000000000002,0.37625,0.15250000000000002,15.5,FLAT,1.1143279002570714,0.2975381946284042,True,False
0.025500000000000002,0.37625,0.15250000000000002,22.75,FLAT,1.1143279002570714,0.2975381946284042,True,False
0.025500000000000002,0.37625,0.15250000000000002,30.0,FLAT,1.1143279002570714,0.2975381946284042,True,False
0.025500000000000002,0.37625,0.2,1.0,FLAT,1.3112004680742453,0.35649175634056385,True,False
0.025500000000000002,0.37625,0.2,8.25,FLAT,1.3112004680742453,0.35649175634056385,True,False
0.025500000000000002,0.37625,0.2,15.5,FLAT,1.3112004680742453,0.35649175634056385,True,False
0.025500000000000002,0.37625,0.2,22.75,FLAT,1.3112004680742453,0.35649175634056385,True,False
0.025500000000000002,0.37625,0.2,30.0,FLAT,1.3112004680742453,0.35649175634056385,True,False
0.025500000000000002,0.5,0.01,1.0,FLAT,0.25771944987759904,0.048383375179084274,True,False
0.025500000000000002,0.5,0.01,8.25,FLAT,0.25771944987759904,0.048383375179084274,True,False
0.025500000000000002,0.5,0.01,15.5,FLAT,0.25771944987759904,0.048383375179084274,True,False
0.025500000000000002,0.5,0.01,22.75,FLAT,0.25771944987759904,0.048383375179084274,True,False
0.025500000000000002,0.5,0.01,30.0,FLAT,0.25771944987759904,0.048383375179084274,True,False
0.025500000000000002,0.5,0.0575,1.0,FLAT,0.7361187880992324,0.15528924942934227,True,False
0.025500000000000002,0.5,0.0575,8.25,FLAT,0.7361187880992324,0.15528924942934227,True,False
0.025500000000000002,0.5,0.0575,15.5,FLAT,0.7361187880992324,0.15528924942934227,True,False
0.025500000000000002,0.5,0.0575,22.75,FLAT,0.7361187880992324,0.15528924942934227,True,False
0.025500000000000002,0.5,0.0575,30.0,FLAT,0.7361187880992324,0.15528924942934227,True,False
0.025500000000000002,0.5,0.105,1.0,FLAT,1.0564787718913424,0.23200055675216877,True,False
0.025500000000000002,0.5,0.105,8.25,FLAT,1.0564787718913424,0.23200055675216877,True,False
0.025500000000000002,0.5,0.105,15.5,FLAT,1.0564787718913424,0.23200055675216877,True,False
0.025500000000000002,0.5,0.105,22.75,FLAT,1.0564787718913424,0.23200055675216877,True,False
0.025500000000000002,0.5,0.105,30.0,FLAT,1.0564787718913424,0.23200055675216877,True,False
0.025500000000000002,0.5,0.15250000000000002,1.0,FLAT,1.321627606872947,0.2975381946284042,True,False
0.025500000000000002,0.5,0.15250000000000002,8.25,FLAT,1.321627606872947,0.2975381946284042,True,False
0.025500000000000002,0.5,0.15250000000000002,15.5,FLAT,1.321627606872947,0.2975381946284042,True,False
0.025500000000000002,0.5,0.15250000000000002,22.75,FLAT,1.321627606872947,0.2975381946284042,True,False
0.025500000000000002,0.5,0.15250000000000002,30.0,FLAT,1.321627606872947,0.2975381946284042,True,False
0.025500000000000002,0.5,0.2,1.0,FLAT,1.5551246059188455,0.35649175634056385,True,False
0.025500000000000002,0.5,0.2,8.25,FLAT,1.5551246059188455,0.35649175634056385,True,False
0.025500000000000002,0.5,0.2,15.5,FLAT,1.5551246059188455,0.35649175634056385,True,False
0.025500000000000002,0.5,0.2,22.75,FLAT,1.5551246059188455,0.35649175634056385,True,False
0.025500000000000002,0.5,0.2,30.0,FLAT,1.5551246059188455,0.35649175634056385,True,False
0.037750000000000006,0.005,0.01,1.0,FLAT,0.014455534780912114,0.048383375179084274,False,False
0.037750000000000006,0.005,0.01,8.25,FLAT,0.014455534780912114,0.048383375179084274,False,False
0.037750000000000006,0.005,0.01,15.5,FLAT,0.014455534780912114,0.048383375179084274,False,False
0.037750000000000006,0.005,0.01,22.75,FLAT,0.014455534780912114,0.048383375179084274,False,False
0.037750000000000006,0.005,0.01,30.0,FLAT,0.014455534780912114,0.048383375179084274,False,False
0.037750000000000006,0.005,0.0575,1.0,FLAT,0.04128904802996104,0.15528924942934227,False,False
0.037750000000000006,0.005,0.0575,8.25,FLAT,0.04128904802996104,0.15528924942934227,False,False
0.037750000000000006,0.005,0.0575,15.5,FLAT,0.04128904802996104,0.15528924942934227,False,False
0.037750000000000006,0.005,0.0575,22.75,FLAT,0.04128904802996104,0.15528924942934227,False,False
0.037750000000000006,0.005,0.0575,30.0,FLAT,0.04128904802996104,0.15528924942934227,False,False
0.037750000000000006,0.005,0.105,1.0,FLAT,0.059258102714497725,0.23200055675216877,False,False
0.037750000000000006,0.005,0.105,8.25,FLAT,0.059258102714497725,0.23200055675216877,False,False
0.037750000000000006,0.005,0.105,15.5,FLAT,0.059258102714497725,0.23200055675216877,False,False
0.037750000000000006,0.005,0.105,22.75,FLAT,0.059258102714497725,0.23200055675216877,False,False
0.037750000000000006,0.005,0.105,30.0,FLAT,0.059258102714497725,0.23200055675216877,False,False
0.037750000000000006,0.005,0.15250000000000002,1.0,FLAT,0.07413035317140071,0.2975381946284042,False,False
0.037750000000000006,0.005,0.15250000000000002,8.25,FLAT,0.07413035317140071,0.2975381946284042,False,False
0.037750000000000006,0.005,0.15250000000000002,15.5,FLAT,0.07413035317140071,0.2975381946284042,False,False
0.037750000000000006,0.005,0.15250000000000002,22.75,FLAT,0.07413035317140071,0.2975381946284042,False,False
0.037750000000000006,0.005,0.15250000000000002,30.0,FLAT,0.07413035317140071,0.2975381946284042,False,False
0.037750000000000006,0.005,0.2,1.0,FLAT,0.08722724590708543,0.35649175634056385,False,False
0.037750000000000006,0.005,0.2,8.25,FLAT,0.08722724590708543,0.35649175634056385,False,False
0.037750000000000006,0.005,0.2,15.5,FLAT,0.08722724590708543,0.35649175634056385,False,False
0.037750000000000006,0.005,0.2,22.75,FLAT,0.08722724590708543,0.35649175634056385,False,False
0.037750000000000006,0.005,0.2,30.0,FLAT,0.08722724590708543,0.35649175634056385,False,False
0.037750000000000006,0.12875,0.01,1.0,FLAT,0.10150805422539746,0.048383375179084274,True,False
0.037750000000000006,0.12875,0.01,8.25,FLAT,0.10150805422539746,0.048383375179084274,True,False
0.037750000000000006,0.12875,0.01,15.5,FLAT,0.10150805422539746,0.048383375179084274,True,False
0.037750000000000006,0.12875,0.01,22.75,FLAT,0.10150805422539746,0.048383375179084274,True,False
0.037750000000000006,0.12875,0.01,30.0,FLAT,0.10150805422539746,0.048383375179084274,True,False
0.037750000000000006,0.12875,0.0575,1.0,FLAT,0.2899353769930796,0.15528924942934227,True,False
0.037750000000000006,0.12875,0.0575,8.25,FLAT,0.2899353769930796,0.15528924942934227,True,False
0.037750000000000006,0.12875,0.0575,15.5,FLAT,0.2899353769930796,0.15528924942934227,True,False
0.037750000000000006,0.12875,0.0575,22.75,FLAT,0.2899353769930796,0.15528924942934227,True,False
0.037750000000000006,0.12875,0.0575,30.0,FLAT,0.2899353769930796,0.15528924942934227,True,False
0.037750000000000006,0.12875,0.105,1.0,FLAT,0.4161156812807907,0.23200055675216877,True,False
0.037750000000000006,0.12875,0.105,8.25,FLAT,0.4161156812807907,0.23200055675216877,True,False
0.037750000000000006,0.12875,0.105,15.5,FLAT,0.4161156812807907,0.23200055675216877,True,False
0.037750000000000006,0.12875,0.105,22.75,FLAT,0.4161156812807907,0.23200055675216877,True,False
0.037750000000000006,0.12875,0.105,30.0,FLAT,0.4161156812807907,0.23200055675216877,True,False
0.037750000000000006,0.12875,0.15250000000000002,1.0,FLAT,0.5205499501413541,0.2975381946284042,True,False
0.037750000000000006,0.12875,0.15250000000000002,8.25,FLAT,0.5205499501413541,0.2975381946284042,True,False
0.037750000000000006,0.12875,0.15250000000000002,15.5,FLAT,0.5205499501413541,0.2975381946284042,True,False
0.037750000000000006,0.12875,0.15250000000000002,22.75,FLAT,0.5205499501413541,0.2975381946284042,True,False
0.037750000000000006,0.12875,0.15250000000000002,30.0,FLAT,0.5205499501413541,0.2975381946284042,True,False
0.037750000000000006,0.12875,0.2,1.0,FLAT,0.6125174987756367,0.35649175634056385,True,False
0.037750000000000006,0.12875,0.2,8.25,FLAT,0.6125174987756367,0.35649175634056385,True,False
0.037750000000000006,0.12875,0.2,15.5,FLAT,0.6125174987756367,0.35649175634056385,True,False
0.037750000000000006,0.12875,0.2,22.75,FLAT,0.6125174987756367,0.35649175634056385,True,False
0.037750000000000006,0.12875,0.2,30.0,FLAT,0.6125174987756367,0.35649175634056385,True,False
0.037750000000000006,0.2525,0.01,1.0,FLAT,0.1520579005236933,0.048383375179084274,True,False
0.037750000000000006,0.2525,0.01,8.25,FLAT,0.1520579005236933,0.048383375179084274,True,False
0.037750000000000006,0.2525,0.01,15.5,FLAT,0.1520579005236933,0.048383375179084274,True,False
0.037750000000000006,0.2525,0.01,22.75,FLAT,0.1520579005236933,0.048383375179084274,True,False
0.037750000000000006,0.2525,0.01,30.0,FLAT,0.1520579005236933,0.048383375179084274,True,False
0.037750000000000006,0.2525,0.0575,1.0,FLAT,0.43431986800986855,0.15528924942934227,True,False
0.037750000000000006,0.2525,0.0575,8.25,FLAT,0.43431986800986855,0.15528924942934227,True,False
0.037750000000000006,0.2525,0.0575,15.5,FLAT,0.43431986800986855,0.15528924942934227,True,False
0.037750000000000006,0.2525,0.0575,22.75,FLAT,0.43431986800986855,0.15528924942934227,True,False
0.037750000000000006,0.2525,0.0575,30.0,FLAT,0.43431986800986855,0.15528924942934227,True,False
0.037750000000000006,0.2525,0.105,1.0,FLAT,0.6233365160368937,0.23200055675216877,True,False
0.037750000000000006,0.2525,0.105,8.25,FLAT,0.6233365160368937,0.23200055675216877,True,False
0.037750000000000006,0.2525,0.105,15.5,FLAT,0.6233365160368937,0.23200055675216877,True,False
0.037750000000000006,0.2525,0.105,22.75,FLAT,0.6233365160368937,0.23200055675216877,True,False
0.037750000000000006,0.2525,0.105,30.0,FLAT,0.6233365160368937,0.23200055675216877,True,False
0.037750000000000006,0.2525,0.15250000000000002,1.0,FLAT,0.7797778525086057,0.2975381946284042,True,False
0.037750000000000006,0.2525,0.15250000000000002,8.25,FLAT,0.7797778525086057,0.2975381946284042,True,False
0.037750000000000006,0.2525,0.15250000000000002,15.5,FLAT,0.7797778525086057,0.2975381946284042,True,False
0.037750000000000006,0.2525,0.15250000000000002,22.75,FLAT,0.7797778525086057,0.2975381946284042,True,False
0.037750000000000006,0.2525,0.15250000000000002,30.0,FLAT,0.7797778525086057,0.2975381946284042,True,False
0.037750000000000006,0.2525,0.2,1.0,FLAT,0.9175441851248086,0.35649175634056385,True,False
0.037750000000000006,0.2525,0.2,8.25,FLAT,0.9175441851248086,0.35649175634056385,True,False
0.037750000000000006,0.2525,0.2,15.5,FLAT,0.9175441851248086,0.35649175634056385,True,False
0.037750000000000006,0.2525,0.2,22.75,FLAT,0.9175441851248086,0.35649175634056385,True,False
0.037750000000000006,0.2525,0.2,30.0,FLAT,0.9175441851248086,0.35649175634056385,True,False
0.037750000000000006,0.37625,0.01,1.0,FLAT,0.19316928198870367,0.048383375179084274,True,False
0.037750000000000006,0.37625,0.01,8.25,FLAT,0.19316928198870367,0.048383375179084274,True,False
0.037750000000000006,0.37625,0.01,15.5,FLAT,0.19316928198870367,0.048383375179084274,True,False
0.037750000000000006,0.37625,0.01,22.75,FLAT,0.19316928198870367,0.048383375179084274,True,False
0.037750000000000006,0.37625,0.01,30.0,FLAT,0.19316928198870367,0.048383375179084274,True,False
0.037750000000000006,0.37625,0.0575,1.0,FLAT,0.5517454651678699,0.15528924942934227,True,False
0.037750000000000006,0.37625,0.0575,8.25,FLAT,0.5517454651678699,0.15528924942934227,True,False
0.037750000000000006,0.37625,0.0575,15.5,FLAT,0.5517454651678699,0.15528924942934227,True,False
0.037750000000000006,0.37625,0.0575,22.75,FLAT,0.5517454651678699,0.15528924942934227,True,False
0.037750000000000006,0.37625,0.0575,30.0,FLAT,0.5517454651678699,0.15528924942934227,True,False
0.037750000000000006,0.37625,0.105,1.0,FLAT,0.7918659065099014,0.23200055675216877,True,False
0.037750000000000006,0.37625,0.105,8.25,FLAT,0.7918659065099014,0.23200055675216877,True,False
0.037750000000000006,0.37625,0.105,15.5,FLAT,0.7918659065099014,0.23200055675216877,True,False
0.037750000000000006,0.37625,0.105,22.75,FLAT,0.7918659065099014,0.23200055675216877,True,False
0.037750000000000006,0.37625,0.105,30.0,FLAT,0.7918659065099014,0.23200055675216877,True,False
0.037750000000000006,0.37625,0.15250000000000002,1.0,FLAT,0.9906037592325558,0.2975381946284042,True,False
0.037750000000000006,0.37625,0.15250000000000002,8.25,FLAT,0.9906037592325558,0.2975381946284042,True,False
0.037750000000000006,0.37625,0.15250000000000002,15.5,FLAT,0.9906037592325558,0.2975381946284042,True,False
0.037750000000000006,0.37625,0.15250000000000002,22.75,FLAT,0.9906037592325558,0.2975381946284042,True,False
0.037750000000000006,0.37625,0.15250000000000002,30.0,FLAT,0.9906037592325558,0.2975381946284042,True,False
0.037750000000000006,0.37625,0.2,1.0,FLAT,1.1656175103236555,0.35649175634056385,True,False
0.037750000000000006,0.37625,0.2,8.25,FLAT,1.1656175103236555,0.35649175634056385,True,False
0.037750000000000006,0.37625,0.2,15.5,FLAT,1.1656175103236555,0.35649175634056385,True,False
0.037750000000000006,0.37625,0.2,22.75,FLAT,1.1656175103236555,0.35649175634056385,True,False
0.037750000000000006,0.37625,0.2,30.0,FLAT,1.1656175103236555,0.35649175634056385,True,False
0.037750000000000006,0.5,0.01,1.0,FLAT,0.22910478667652456,0.048383375179084274,True,False
0.037750000000000006,0.5,0.01,8.25,FLAT,0.22910478667652456,0.048383375179084274,True,False
0.037750000000000006,0.5,0.01,15.5,FLAT,0.22910478667652456,0.048383375179084274,True,False
0.037750000000000006,0.5,0.01,22.75,FLAT,0.22910478667652456,0.048383375179084274,True,False
0.037750000000000006,0.5,0.01,30.0,FLAT,0.22910478667652456,0.048383375179084274,True,False
0.037750000000000006,0.5,0.0575,1.0,FLAT,0.6543873114588521,0.15528924942934227,True,False
0.037750000000000006,0.5,0.0575,8.25,FLAT,0.6543873114588521,0.15528924942934227,True,False
0.037750000000000006,0.5,0.0575,15.5,FLAT,0.6543873114588521,0.15528924942934227,True,False
0.037750000000000006,0.5,0.0575,22.75,FLAT,0.6543873114588521,0.15528924942934227,True,False
0.037750000000000006,0.5,0.0575,30.0,FLAT,0.6543873114588521,0.15528924942934227,True,False
0.037750000000000006,0.5,0.105,1.0,FLAT,0.9391776359036886,0.23200055675216877,True,False
0.037750000000000006,0.5,0.105,8.25,FLAT,0.9391776359036886,0.23200055675216877,True,False
0.037750000000000006,0.5,0.105,15.5,FLAT,0.9391776359036886,0.23200055675216877,True,False
0.037750000000000006,0.5,0.105,22.75,FLAT,0.9391776359036886,0.23200055675216877,True,False
0.037750000000000006,0.5,0.105,30.0,FLAT,0.9391776359036886,0.23200055675216877,True,False
0.037750000000000006,0.5,0.15250000000000002,1.0,FLAT,1.174886920960911,0.2975381946284042,True,False
0.037750000000000006,0.5,0.15250000000000002,8.25,FLAT,1.174886920960911,0.2975381946284042,True,False
0.037750000000000006,0.5,0.15250000000000002,15.5,FLAT,1.174886920960911,0.2975381946284042,True,False
0.037750000000000006,0.5,0.15250000000000002,22.75,FLAT,1.174886920960911,0.2975381946284042,True,False
0.037750000000000006,0.5,0.15250000000000002,30.0,FLAT,1.174886920960911,0.2975381946284042,True,False
0.037750000000000006,0.5,0.2,1.0,FLAT,1.382458682352712,0.35649175634056385,True,False
0.037750000000000006,0.5,0.2,8.25,FLAT,1.382458682352712,0.35649175634056385,True,False
0.037750000000000006,0.5,0.2,15.5,FLAT,1.382458682352712,0.35649175634056385,True,False
0.037750000000000006,0.5,0.2,22.75,FLAT,1.382458682352712,0.35649175634056385,True,False
0.037750000000000006,0.5,0.2,30.0,FLAT,1.382458682352712,0.35649175634056385,True,False
0.05,0.005,0.01,1.0,FLAT,0.013286734242900654,0.048383375179084274,False,False
0.05,0.005,0.01,8.25,FLAT,0.013286734242900654,0.048383375179084274,False,False
0.05,0.005,0.01,15.5,FLAT,0.013286734242900654,0.048383375179084274,False,False
0.05,0.005,0.01,22.75,FLAT,0.013286734242900654,0.048383375179084274,False,False
0.05,0.005,0.01,30.0,FLAT,0.013286734242900654,0.048383375179084274,False,False
0.05,0.005,0.0575,1.0,FLAT,0.03795062698343409,0.15528924942934227,False,False
0.05,0.005,0.0575,8.25,FLAT,0.03795062698343409,0.15528924942934227,False,False
0.05,0.005,0.0575,15.5,FLAT,0.03795062698343409,0.15528924942934227,False,False
0.05,0.005,0.0575,22.75,FLAT,0.03795062698343409,0.15528924942934227,False,False
0.05,0.005,0.0575,30.0,FLAT,0.03795062698343409,0.15528924942934227,False,False
0.05,0.005,0.105,1.0,FLAT,0.05446679589783819,0.23200055675216877,False,False
0.05,0.005,0.105,8.25,FLAT,0.05446679589783819,0.23200055675216877,False,False
0.05,0.005,0.105,15.5,FLAT,0.05446679589783819,0.23200055675216877,False,False
0.05,0.005,0.105,22.75,FLAT,0.05446679589783819,0.23200055675216877,False,False
0.05,0.005,0.105,30.0,FLAT,0.05446679589783819,0.23200055675216877,False,False
0.05,0.005,0.15250000000000002,1.0,FLAT,0.06813655232052375,0.2975381946284042,False,False
0.05,0.005,0.15250000000000002,8.25,FLAT,0.06813655232052375,0.2975381946284042,False,False
0.05,0.005,0.15250000000000002,15.5,FLAT,0.06813655232052375,0.2975381946284042,False,False
0.05,0.005,0.15250000000000002,22.75,FLAT,0.06813655232052375,0.2975381946284042,False,False
0.05,0.005,0.15250000000000002,30.0,FLAT,0.06813655232052375,0.2975381946284042,False,False
0.05,0.005,0.2,1.0,FLAT,0.08017449735847543,0.35649175634056385,False,False
0.05,0.005,0.2,8.25,FLAT,0.08017449735847543,0.35649175634056385,False,False
0.05,0.005,0.2,15.5,FLAT,0.08017449735847543,0.35649175634056385,False,False
0.05,0.005,0.2,22.75,FLAT,0.08017449735847543,0.35649175634056385,False,False
0.05,0.005,0.2,30.0,FLAT,0.08017449735847543,0.35649175634056385,False,False
0.05,0.12875,0.01,1.0,FLAT,0.09330063262603865,0.048383375179084274,True,False
0.05,0.12875,0.01,8.25,FLAT,0.09330063262603865,0.048383375179084274,True,False
0.05,0.12875,0.01,15.5,FLAT,0.09330063262603865,0.048383375179084274,True,False
0.05,0.12875,0.01,22.75,FLAT,0.09330063262603865,0.048383375179084274,True,False
0.05,0.12875,0.01,30.0,FLAT,0.09330063262603865,0.048383375179084274,True,False
0.05,0.12875,0.0575,1.0,FLAT,0.2664926867187953,0.15528924942934227,True,False
0.05,0.12875,0.0575,8.25,FLAT,0.2664926867187953,0.15528924942934227,True,False
0.05,0.12875,0.0575,15.5,FLAT,0.2664926867187953,0.15528924942934227,True,False
0.05,0.12875,0.0575,22.75,FLAT,0.2664926867187953,0.15528924942934227,True,False
0.05,0.12875,0.0575,30.0,FLAT,0.2664926867187953,0.15528924942934227,True,False
0.05,0.12875,0.105,1.0,FLAT,0.3824706975754348,0.23200055675216877,True,False
0.05,0.12875,0.105,8.25,FLAT,0.3824706975754348,0.23200055675216877,True,False
0.05,0.12875,0.105,15.5,FLAT,0.3824706975754348,0.23200055675216877,True,False
0.05,0.12875,0.105,22.75,FLAT,0.3824706975754348,0.23200055675216877,True,False
0.05,0.12875,0.105,30.0,FLAT,0.3824706975754348,0.23200055675216877,True,False
0.05,0.12875,0.15250000000000002,1.0,FLAT,0.4784609461018464,0.2975381946284042,True,False
0.05,0.12875,0.15250000000000002,8.25,FLAT,0.4784609461018464,0.2975381946284042,True,False
0.05,0.12875,0.15250000000000002,15.5,FLAT,0.4784609461018464,0.2975381946284042,True,False
0.05,0.12875,0.15250000000000002,22.75,FLAT,0.4784609461018464,0.2975381946284042,True,False
0.05,0.12875,0.15250000000000002,30.0,FLAT,0.4784609461018464,0.2975381946284042,True,False
0.05,0.12875,0.2,1.0,FLAT,0.562992469576736,0.35649175634056385,True,False
0.05,0.12875,0.2,8.25,FLAT,0.562992469576736,0.35649175634056385,True,False
0.05,0.12875,0.2,15.5,FLAT,0.562992469576736,0.35649175634056385,True,False
0.05,0.12875,0.2,22.75,FLAT,0.562992469576736,0.35649175634056385,True,False
0.05,0.12875,0.2,30.0,FLAT,0.562992469576736,0.35649175634056385,True,False
0.05,0.2525,0.01,1.0,FLAT,0.1397632771400144,0.048383375179084274,True,False
0.05,0.2525,0.01,8.25,FLAT,0.1397632771400144,0.048383375179084274,True,False
0.05,0.2525,0.01,15.5,FLAT,0.1397632771400144,0.048383375179084274,True,False
0.05,0.2525,0.01,22.75,FLAT,0.1397632771400144,0.048383375179084274,True,False
0.05,0.2525,0.01,30.0,FLAT,0.1397632771400144,0.048383375179084274,True,False
0.05,0.2525,0.0575,1.0,FLAT,0.39920298696100504,0.15528924942934227,True,False
0.05,0.2525,0.0575,8.25,FLAT,0.39920298696100504,0.15528924942934227,True,False
0.05,0.2525,0.0575,15.5,FLAT,0.39920298696100504,0.15528924942934227,True,False
0.05,0.2525,0.0575,22.75,FLAT,0.39920298696100504,0.15528924942934227,True,False
0.05,0.2525,0.0575,30.0,FLAT,0.39920298696100504,0.15528924942934227,True,False
0.05,0.2525,0.105,1.0,FLAT,0.5729367164896547,0.23200055675216877,True,False
0.05,0.2525,0.105,8.25,FLAT,0.5729367164896547,0.23200055675216877,True,False
0.05,0.2525,0.105,15.5,FLAT,0.5729367164896547,0.23200055675216877,True,False
0.05,0.2525,0.105,22.75,FLAT,0.5729367164896547,0.23200055675216877,True,False
0.05,0.2525,0.105,30.0,FLAT,0.5729367164896547,0.23200055675216877,True,False
0.05,0.2525,0.15250000000000002,1.0,FLAT,0.7167290073877078,0.2975381946284042,True,False
0.05,0.2525,0.15250000000000002,8.25,FLAT,0.7167290073877078,0.2975381946284042,True,False
0.05,0.2525,0.15250000000000002,15.5,FLAT,0.7167290073877078,0.2975381946284042,True,False
0.05,0.2525,0.15250000000000002,22.75,FLAT,0.7167290073877078,0.2975381946284042,True,False
0.05,0.2525,0.15250000000000002,30.0,FLAT,0.7167290073877078,0.2975381946284042,True,False
0.05,0.2525,0.2,1.0,FLAT,0.8433562596362786,0.35649175634056385,True,False
0.05,0.2525,0.2,8.25,FLAT,0.8433562596362786,0.35649175634056385,True,False
0.05,0.2525,0.2,15.5,FLAT,0.8433562596362786,0.35649175634056385,True,False
0.05,0.2525,0.2,22.75,FLAT,0.8433562596362786,0.35649175634056385,True,False
0.05,0.2525,0.2,30.0,FLAT,0.8433562596362786,0.35649175634056385,True,False
0.05,0.37625,0.01,1.0,FLAT,0.17755060276738482,0.048383375179084274,True,False
0.05,0.37625,0.01,8.25,FLAT,0.17755060276738482,0.048383375179084274,True,False
0.05,0.37625,0.01,15.5,FLAT,0.17755060276738482,0.048383375179084274,True,False
0.05,0.37625,0.01,22.75,FLAT,0.17755060276738482,0.048383375179084274,True,False
0.05,0.37625,0.01,30.0,FLAT,0.17755060276738482,0.048383375179084274,True,False
0.05,0.37625,0.0575,1.0,FLAT,0.5071341514871665,0.15528924942934227,True,False
0.05,0.37625,0.0575,8.25,FLAT,0.5071341514871665,0.15528924942934227,True,False
0.05,0.37625,0.0575,15.5,FLAT,0.5071341514871665,0.15528924942934227,True,False
0.05,0.37625,0.0575,22.75,FLAT,0.5071341514871665,0.15528924942934227,True,False
0.05,0.37625,0.0575,30.0,FLAT,0.5071341514871665,0.15528924942934227,True,False
0.05,0.37625,0.105,1.0,FLAT,0.7278396832266348,0.23200055675216877,True,False
0.05,0.37625,0.105,8.25,FLAT,0.7278396832266348,0.23200055675216877,True,False
0.05,0.37625,0.105,15.5,FLAT,0.7278396832266348,0.23200055675216877,True,False
0.05,0.37625,0.105,22.75,FLAT,0.7278396832266348,0.23200055675216877,True,False
0.05,0.37625,0.105,30.0,FLAT,0.7278396832266348,0.23200055675216877,True,False
0.05,0.37625,0.15250000000000002,1.0,FLAT,0.9105086106064371,0.2975381946284042,True,False
0.05,0.37625,0.15250000000000002,8.25,FLAT,0.9105086106064371,0.2975381946284042,True,False
0.05,0.37625,0.15250000000000002,15.5,FLAT,0.9105086106064371,0.2975381946284042,True,False
0.05,0.37625,0.15250000000000002,22.75,FLAT,0.9105086106064371,0.2975381946284042,True,False
0.05,0.37625,0.15250000000000002,30.0,FLAT,0.9105086106064371,0.2975381946284042,True,False
0.05,0.37625,0.2,1.0,FLAT,1.0713716457582836,0.35649175634056385,True,False
0.05,0.37625,0.2,8.25,FLAT,1.0713716457582836,0.35649175634056385,True,False
0.05,0.37625,0.2,15.5,FLAT,1.0713716457582836,0.35649175634056385,True,False
0.05,0.37625,0.2,22.75,FLAT,1.0713716457582836,0.35649175634056385,True,False
0.05,0.37625,0.2,30.0,FLAT,1.0713716457582836,0.35649175634056385,True,False
0.05,0.5,0.01,1.0,FLAT,0.2105805465161321,0.048383375179084274,True,False
0.05,0.5,0.01,8.25,FLAT,0.2105805465161321,0.048383375179084274,True,False
0.05,0.5,0.01,15.5,FLAT,0.2105805465161321,0.048383375179084274,True,False
0.05,0.5,0.01,22.75,FLAT,0.2105805465161321,0.048383375179084274,True,False
0.05,0.5,0.01,30.0,FLAT,0.2105805465161321,0.048383375179084274,True,False
0.05,0.5,0.0575,1.0,FLAT,0.6014769035567572,0.15528924942934227,True,False
0.05,0.5,0.0575,8.25,FLAT,0.6014769035567572,0.15528924942934227,True,False
0.05,0.5,0.0575,15.5,FLAT,0.6014769035567572,0.15528924942934227,True,False
0.05,0.5,0.0575,22.75,FLAT,0.6014769035567572,0.15528924942934227,True,False
0.05,0.5,0.0575,30.0,FLAT,0.6014769035567572,0.15528924942934227,True,False
0.05,0.5,0.105,1.0,FLAT,0.8632405403365263,0.23200055675216877,True,False
0.05,0.5,0.105,8.25,FLAT,0.8632405403365263,0.23200055675216877,True,False
0.05,0.5,0.105,15.5,FLAT,0.8632405403365263,0.23200055675216877,True,False
0.05,0.5,0.105,22.75,FLAT,0.8632405403365263,0.23200055675216877,True,False
0.05,0.5,0.105,30.0,FLAT,0.8632405403365263,0.23200055675216877,True,False
0.05,0.5,0.15250000000000002,1.0,FLAT,1.0798915793056856,0.2975381946284042,True,False
0.05,0.5,0.15250000000000002,8.25,FLAT,1.0798915793056856,0.2975381946284042,True,False
0.05,0.5,0.15250000000000002,15.5,FLAT,1.0798915793056856,0.2975381946284042,True,False
0.05,0.5,0.15250000000000002,22.75,FLAT,1.0798915793056856,0.2975381946284042,True,False
0.05,0.5,0.15250000000000002,30.0,FLAT,1.0798915793056856,0.2975381946284042,True,False
0.05,0.5,0.2,1.0,FLAT,1.270680150724392,0.35649175634056385,True,False
0.05,0.5,0.2,8.25,FLAT,1.270680150724392,0.35649175634056385,True,False
0.05,0.5,0.2,15.5,FLAT,1.270680150724392,0.35649175634056385,True,False
0.05,0.5,0.2,22.75,FLAT,1.270680150724392,0.35649175634056385,True,False
0.05,0.5,0.2,30.0,FLAT,1.270680150724392,0.35649175634056385,True,False
